-- MariaDB dump 10.18  Distrib 10.5.8-MariaDB, for Win64 (AMD64)
--
-- Host: localhost    Database: moveon_hva
-- ------------------------------------------------------
-- Server version	10.5.8-MariaDB

/*!40101 SET @OLD_CHARACTER_SET_CLIENT=@@CHARACTER_SET_CLIENT */;
/*!40101 SET @OLD_CHARACTER_SET_RESULTS=@@CHARACTER_SET_RESULTS */;
/*!40101 SET @OLD_COLLATION_CONNECTION=@@COLLATION_CONNECTION */;
/*!40101 SET NAMES utf8mb4 */;
/*!40103 SET @OLD_TIME_ZONE=@@TIME_ZONE */;
/*!40103 SET TIME_ZONE='+00:00' */;
/*!40014 SET @OLD_UNIQUE_CHECKS=@@UNIQUE_CHECKS, UNIQUE_CHECKS=0 */;
/*!40014 SET @OLD_FOREIGN_KEY_CHECKS=@@FOREIGN_KEY_CHECKS, FOREIGN_KEY_CHECKS=0 */;
/*!40101 SET @OLD_SQL_MODE=@@SQL_MODE, SQL_MODE='NO_AUTO_VALUE_ON_ZERO' */;
/*!40111 SET @OLD_SQL_NOTES=@@SQL_NOTES, SQL_NOTES=0 */;

--
-- Table structure for table `sijainen`
--

DROP TABLE IF EXISTS `sijainen`;
/*!40101 SET @saved_cs_client     = @@character_set_client */;
/*!40101 SET character_set_client = utf8 */;
CREATE TABLE `sijainen` (
  `id` int(11) NOT NULL AUTO_INCREMENT,
  `nimi` text NOT NULL,
  `nimike_id` int(11) NOT NULL,
  `iv` varchar(3) NOT NULL DEFAULT '-',
  `laakelupa` tinyint(1) NOT NULL DEFAULT 0,
  `kommentti` text NOT NULL,
  `puhelin` text NOT NULL,
  `kiinnitys_sms` tinyint(1) NOT NULL DEFAULT 0,
  `pin` varchar(4) DEFAULT NULL,
  `aktiivinen` tinyint(4) NOT NULL DEFAULT 1,
  PRIMARY KEY (`id`),
  UNIQUE KEY `pin` (`pin`),
  KEY `nimike_id` (`nimike_id`)
) ENGINE=InnoDB AUTO_INCREMENT=1056 DEFAULT CHARSET=latin1;
/*!40101 SET character_set_client = @saved_cs_client */;

--
-- Dumping data for table `sijainen`
--

LOCK TABLES `sijainen` WRITE;
/*!40000 ALTER TABLE `sijainen` DISABLE KEYS */;
INSERT INTO `sijainen` VALUES (1,'Pamela Storbacka',3,'IV+',1,'','0503434551',0,'0334',0),(2,'Jarkko Omajoki',3,'IV-',0,'','',0,NULL,0),(3,'Aleksi Salminen',3,'IV+',0,'','0503099355',0,NULL,0),(4,'Janita Seppälä',3,'IV-',0,'','',0,NULL,0),(5,'Katri Palin',3,'IV-',0,'','',0,NULL,0),(6,'Laura-Kaisa Passoja',3,'IV-',0,'','',0,NULL,0),(7,'Emmi Päivärinta',1,'IV-',0,'','',0,NULL,0),(8,'Tiia Koskela',3,'IV+',0,'','',0,'4611',0),(9,'Johanna Hedhli',3,'IV+',1,'','0451364379',0,'8592',0),(10,'Pauli H.Heikkilä',3,'IV+',1,'\n','0408329533',1,'6926',1),(12,'Jukka Seppälä',4,'IV-',0,'','',0,NULL,0),(13,'Carolina Pallaspuro',3,'IV+',1,'','0407709989',0,NULL,0),(15,'Pirkko-Liisa Parviainen',3,'IV+',0,'EI OS 8!','',0,NULL,0),(16,'Seija Immonen',3,'IV+',0,'EI OS 8!','',0,NULL,0),(17,'Emilia Slotte',3,'IV+',1,'','0405684341',0,'9266',0),(18,'Emma Grankulla',3,'IV+',1,'','0407382239',1,'3053',1),(19,'Sanna-M Neuvonen',3,'IV+',1,'','0505187657',0,NULL,0),(20,'Samita Rana',3,'IV+',1,'','0443492007',0,NULL,0),(21,'Johanna Björkskog',3,'IV+',1,'Apteekki','0505875661',0,NULL,0),(24,'Rebecca Finnäs-Backman',3,'IV+',1,'','0442540898',0,NULL,0),(25,'Mirja Kaattari',3,'IV+',1,'','0442929573',0,'8824',0),(27,'Johanna Lamberg',3,'IV+',1,'HOITOTASO\n','0503212731',0,'5481',0),(28,'Camilla Mattjus',3,'IV+',1,'','0504126672',0,NULL,0),(29,'Sissel Lövsund',3,'IV+',0,'Ei onkologinen pkl!','',0,NULL,0),(30,'Kim Corin',3,'IV+',1,'','0405123919',0,NULL,0),(32,'Sirpa Kähkönen',3,'IV+',1,'','0408355973',0,'8016',1),(33,'Petri Sipinen',3,'IV+',0,'','0503519947',0,NULL,0),(34,'Seppo Anttila',4,'-',1,'','0445372740',0,'6311',0),(36,'Niina Siirilä',3,'IV+',1,'','0445494583',0,NULL,0),(37,'Milla Jaakkola',3,'IV+',1,'','0503400078',0,'8717',0),(38,'Jussi Ritamäki',3,'IV+',0,'','',0,NULL,0),(40,'Carola Vik',10,'-',1,'','0503490782',0,'8260',1),(41,'Nina Martenson Nygård',9,'IV+',1,'','0407366100',0,NULL,0),(42,'Johanna Ruuhinen',9,'IV+',1,'','0407511366',0,'3025',1),(43,'Els-May Viiperi',9,'IV+',0,'','040',0,NULL,0),(44,'Sandra Kainberg',9,'IV+',0,'','',0,NULL,0),(47,'Eveliina Kangas',3,'IV-',0,'EI ILTAVUOROJA OS 14!','0442625893',0,NULL,0),(48,'Piia Palola',3,'IV+',1,'','0400724123',1,'2646',0),(49,'Heini Sillanpää',9,'IV+',0,'','',0,NULL,0),(53,'Johanna Michelsson',3,'IV+',1,'','0400821778',0,NULL,0),(58,'Leena Puutio',4,'NHT',1,'','0503256541',1,'8236',1),(60,'Teija Oksanen-Viirre',3,'IV+',1,'','0405592248',1,'4970',1),(61,'Heidi Furu',3,'IV+',0,'','0407491399',0,NULL,0),(62,'Sanna Ihajoki',4,'-',1,'','0400525116',1,'3660',0),(65,'Anette Salonen',4,'-',0,'Työvapaalla ','0400202790',0,NULL,0),(66,'Jaana Koskela',4,'-',1,'','0405798115',1,'8529',1),(67,'Jonna Suikkola',4,'IV-',0,'','',0,'2031',0),(69,'Björn Ahlskog',3,'IV+',1,'','0505721338',0,NULL,0),(70,'Juho Tölli',3,'IV+',0,'','',0,NULL,0),(72,'Kirsi-Maria Kujala',3,'IV+',1,'','0405753260',0,'2615',0),(74,'Maria Skantsi',9,'IV+',1,'','',0,NULL,0),(75,'Jussi Kivioja',3,'IV-',1,'Kotios arkisin os 14 ja viikonloppuisin os 15','0407509507',0,'8734',0),(76,'Heidi Fagerholm',3,'IV+',1,'','0447140579',0,NULL,0),(77,'Tuija Virolainen',4,'NHT',1,'','0503378797',0,NULL,0),(78,'Kirsti Tervala',4,'NHT',1,'','0505624806',1,'2189',1),(83,'Heidi Suhr',4,'-',0,'','',0,NULL,0),(84,'Tiia Kinaret',3,'IV+',1,'Onko.pkl','0503691119',0,NULL,0),(85,'Teija Portin',3,'IV+',0,'','',0,NULL,0),(86,'Jenni Kataja',4,'IV+',0,'','',0,NULL,0),(87,'Erika Byggmästar',3,'IV+',1,'','0504341576',1,'1848',0),(88,'Sari Tarkkinen',3,'-',0,'','0503793771',0,NULL,0),(90,'Alexandra Wentin',1,'IV-',0,'','0451630340',0,NULL,0),(91,'Alina Niemi',1,'IV-',0,'','',0,NULL,0),(92,'Pirjo Juntunen',1,'IV+',0,'','',0,NULL,0),(94,'Ninette Karhu',3,'IV+',1,'Vain heräämö!','0503598842',0,NULL,0),(95,'Emil Kola',8,'IV-',0,'','',0,NULL,0),(97,'Marika Sillanpää',3,'IV+',0,'','0504617998',0,NULL,0),(100,'Anna-Reetta Rahkola',4,'-',0,'','',0,NULL,0),(101,'Camilla Nylen',1,'IV-',0,'','0400511584',0,NULL,0),(104,'Erika Karmeli',3,'IV-',0,'','',0,NULL,0),(106,'Piia Hilli',3,'IV+',1,'','0504693275',0,NULL,0),(109,'Mira Koskinen',9,'IV+',0,'','',0,NULL,0),(111,'Jan-Markus Virkkala',3,'-',1,'\n','0505283413',0,'6638',1),(113,'Johanna Lebeitsuk',3,'IV+',1,'Hoitotaso','0405694054',0,'1044',1),(114,'Julia Hulkko',3,'IV+',1,'\n\n','0405195373',0,'0141',0),(115,'Ann-Sofie Sahlgren',3,'IV+',1,'HOITOTASO','0504134493',0,'3242',0),(116,'Jenny Pettersson',3,'IV+',0,'Perustaso','',0,NULL,0),(117,'Isak Norrman',3,'IV+',1,'HOITOTASO\n','',0,'6816',0),(118,'Elina Perätalo',3,'IV+',1,'','0408671173',0,'8175',0),(119,'Elisa Häkkilä',3,'IV+',0,'Dialyysi','0405684177',0,NULL,0),(120,'Ismo Paananen',12,'-',0,'','',0,NULL,0),(122,'Essi Läspä',4,'NHT',1,'','0503023292',0,'1824',1),(123,'Anne Niemelä',3,'IV+',1,'','0443333466',0,'8761',0),(124,'Riikka Kuusisto',3,'IV+',0,'','0405687949',0,NULL,0),(125,'Harri Siljala',3,'IV+',0,'','',0,NULL,0),(126,'Ö Röntgenhoitajasissi',13,'-',0,'','',0,'3812',1),(128,'Satu Rahkonen',9,'IV+',0,'','',0,NULL,0),(129,'Pia Sämpi',4,'IV-',0,'','',0,NULL,0),(130,'Priska Spring',3,'IV+',0,'','',0,NULL,0),(131,'Taija Isohanni',3,'IV-',0,'','0504146891',0,NULL,0),(132,'Jonna Haikara',9,'IV+',1,'','0407721147',0,'4077',0),(133,'Aija Sorvoja',3,'IV+',1,'','0405910047',0,NULL,0),(134,'Sofia Thoden',3,'IV+',1,'','0505211864',0,NULL,0),(135,'Riina Saariaho',3,'IV+',1,'','0504330712',0,NULL,0),(136,'Mari Aurolahti',3,'IV+',1,'','0408255772',1,'7911',0),(138,'Emmi Silvasti',4,'-',0,'','0400817420',0,NULL,0),(139,'Joonas Leppälä',4,'-',0,'Perustaso','',0,NULL,0),(140,'Heidi Kaustinen',13,'IV+',0,'','',0,NULL,0),(141,'Carola Laasasenaho',13,'IV+',0,'','',0,NULL,0),(143,'Katja Ryynänen',3,'IV+',1,'','0466469590',0,NULL,0),(144,'Ulrika Österblad',3,'IV+',1,'','0503270550',0,'1396',0),(146,'Lotta Karjaluoto',3,'IV-',0,'','0405057818',0,NULL,0),(147,'Jennimari Ylipekkala',9,'IV-',1,'','0407198627',0,NULL,0),(148,'Rasmus Niemonen',3,'IV+',1,'','0504628679',0,'4526',0),(149,'Satu Kellosalo',3,'IV+',1,'','0458769497',1,'7609',0),(150,'Leni Saari',3,'IV+',1,'Hamsulle vain Resurssikeskuksen luvalla!','0449405154',0,NULL,0),(151,'Rune Snellman',3,'IV-',1,'','0505261861',0,NULL,0),(152,'Miinalainen Noora',3,'IV+',1,'','0405398395',0,'3324',0),(153,'Tiina Saari',3,'IV+',1,'','0504690447',0,NULL,0),(154,'Marjo Sinikallio',1,'IV-',0,'','0405041081',0,NULL,0),(155,'Nina Rauma',1,'IV-',0,'','0443204955',0,NULL,0),(156,'Ida Kotka',1,'IV-',1,'','0505558413',0,NULL,0),(157,'Miia Koskela',4,'NHT',1,'','0442008062',0,'9496',1),(158,'Kimmo Keisala',3,'IV+',1,'Hoitotaso','',0,'3547',0),(159,'Johanna Bäckström',3,'IV+',0,'Perustaso','',0,NULL,0),(160,'Jimi Säippä',4,'-',0,'       perustaso      ','',0,NULL,0),(163,'Heidi Palosaari',3,'IV+',1,'','0442970522',1,'7597',0),(165,'Riika Kokkila',4,'NHT',1,'','0408333721',0,'8664',0),(166,'Roosa Björnman',4,'-',0,'','0404130096',0,NULL,0),(167,'Lotta Lindberg',3,'IV+',1,'HOITOTASO','0405521733',0,'5933',1),(168,'Marika Lönnvik',3,'IV+',1,'Hoitotaso','',0,'6332',1),(169,'Sirpa Linnala',3,'IV+',0,'','',0,'5663',0),(170,'Jenni Hiltunen',3,'IV+',1,'','0504902771',0,NULL,0),(173,'Tanja Heinua-Hilli',3,'-',0,'','0405944018',0,'8190',0),(175,'Hanna Vuorio',3,'IV+',1,'','0407546834',0,'3045',0),(176,'Mari Kåla',3,'IV+',1,'\n','0408411578',0,'3968',0),(179,'Lilian Kigen',3,'IV+',1,'','0458768100',0,'4540',1),(180,'Sari Särkiniemi',3,'IV+',1,'','0503239744',0,NULL,0),(181,'Satu Hänninen',3,'IV+',1,'','0405410662',0,NULL,0),(182,'L.E. Tuoretmaa',3,'IV+',1,'','0407226413',0,NULL,0),(183,'Elina Mäntykorpi',3,'IV+',1,'','0405639661',0,NULL,0),(184,'Anne Hietala',2,'-',1,'','0505419559',0,NULL,0),(187,'Anette Nygård',4,'NHT',1,'','0407403725',0,'0153',1),(188,'Sanna Kivinen',15,'-',0,'','0453115263',0,'0029',0),(190,'Henri Hietasaari',4,'-',0,'','0456517972',0,NULL,0),(197,'Terhi Kinnunen',4,'NHT',1,'\n','0407065434',0,'7046',1),(198,'Laura Hästbacka',9,'IV+',1,'','0408614005',0,NULL,0),(199,'Laura Pesola',4,'-',1,'','0443499105',0,'7535',0),(200,'Johanna Koskela',4,'-',0,'','0408435740',0,NULL,0),(201,'Miia Renlund',3,'IV+',1,'Kotisairaala ja os2','0407344734',0,NULL,0),(204,'Maarit Björkroth',2,'-',1,'','0404109201',0,'0080',1),(205,'Eija Ylikangas',4,'-',1,'','0407067687',0,NULL,0),(207,'Hanna Engberg',3,'-',0,'Perustaso','0407601567',0,NULL,0),(208,'Marika Hakola',4,'-',0,'','0449692024',0,NULL,0),(210,'Susanna Leino',4,'-',0,'','0503245581',0,NULL,0),(211,'Sirpa Ikäläinen',4,'-',0,'','',0,NULL,0),(212,'Elina Paasikivi',4,'-',1,'','0505775793',0,'2247',1),(213,'Azaru Mahmoudi',4,'-',0,'','',0,NULL,0),(215,'Solveig Hägglund',4,'-',1,'','',0,NULL,0),(225,'Pirre Haataja',4,'-',1,'','0442148281',0,'1440',0),(227,'Viivi Roiko',4,'NHT',1,'','0407668315',0,'5377',1),(228,'Carola Blomqvist',4,'-',0,'','',0,NULL,0),(230,'Mari Pokela',4,'-',0,'Ei Ventus 2 ja 3','0407677675',0,'3808',1),(231,'Elina Rovio',3,'IV+',1,'','0443259656',0,'5893',1),(232,'Sami Taipale',4,'-',1,'','',0,NULL,0),(233,'Kirsi Rantanen',4,'NHT',1,'','0405880212',0,'9349',1),(234,'Emilia Känsäkoski',4,'-',0,'','',0,NULL,0),(235,'Jenna Jutila',3,'IV+',1,'','0445114263',0,'6729',1),(239,'Anna Hyyppä',3,'-',0,'','',0,NULL,0),(242,'Maria Koskela',4,'NHT',1,'','',0,'8834',0),(243,'Viertamo Maria',4,'-',0,'','',0,NULL,0),(245,'Sofia Stenfors',4,'-',1,'','0400516442',0,NULL,0),(246,'Susanne Suhr',4,'-',0,'MYÖS OSASTO 15 JA OSASTO 17','0451175717',0,NULL,0),(248,'Eveliina Jussinmäki',3,'IV+',1,'','0456388522',1,'1150',1),(250,'Jeanette Lindgren',4,'-',0,'','',0,NULL,0),(253,'Mikaela Dahlbacka',4,'-',1,'','',0,NULL,0),(256,'Emma Haapala',4,'-',0,'','0400422871',0,'6259',0),(258,'Charlotta Fröjdö',3,'IV+',1,'','0504679881',0,'9431',1),(259,'Debora Östman',3,'IV-',0,'','0504672597',0,NULL,0),(260,'Helena Björklund',3,'IV+',1,'','0405761358',0,'3725',0),(267,'Reetta Piirainen',3,'IV+',1,'','',0,NULL,0),(268,'Henna Latvala',3,'IV+',1,'','0503612623',0,NULL,0),(269,'Milla Göös',4,'-',0,'','0407792052',1,'7835',1),(276,'Axell Hellsten',3,'-',0,'MA-KA RESURSSIKESKUKSEN LUVALLA','0401373769',0,NULL,0),(277,'Jyrkkä Elina',1,'-',0,'','',0,NULL,0),(278,'Marika Niemonen',1,'-',0,'','0504313018',0,NULL,0),(280,'Katariina Lintinen',3,'IV+',0,'','',0,NULL,0),(286,'Marika Ruokonen',1,'-',0,'','0400658598',0,NULL,0),(288,'Milla Jylhä',8,'-',0,'','0442510286',0,NULL,0),(291,'Sofia Laitala',4,'-',1,'','0442582596',0,'5226',1),(292,'Katariina Kangasaho',8,'-',1,'','',0,NULL,0),(296,'Jaana Isoaho',4,'-',0,'','0449184326',0,NULL,0),(297,'Jutta Hyyppä',8,'-',0,'','0445346009',0,NULL,0),(298,'Carina Lahti',4,'-',1,'','0503697678',0,NULL,0),(299,'Hannemari Siirilä',3,'IV+',1,'','0505505976',1,'2549',1),(300,'Charlotte Widjeskog',4,'-',1,'','0400977705',0,NULL,0),(302,'Laura Heikkilä',3,'-',1,'\n','0458428680',0,'5221',1),(303,'Csaba Esa Szabo',3,'IV+',1,'Vain Heräämö!','',0,NULL,0),(304,'Norkor Naate-Kivimaa',3,'-',0,'','0449701449',0,NULL,0),(305,'Emma Salmi',3,'IV+',1,'','0443000243',1,'2057',1),(310,'Sari Honkala',4,'-',1,'YLE 1 ','0442896365',0,'6692',0),(311,'Toni Pohjonen',4,'-',1,'os.17 vain Resurssikeskuksen luvalla. ','0456701320',0,NULL,0),(313,'Johanna Tuikka ',4,'-',1,'','',0,NULL,0),(317,'Paula Hietaniemi',1,'-',1,'','0442035032',0,NULL,0),(318,'Veera Kuosmanen',8,'-',1,'','0442614548',0,NULL,0),(320,'Sara Södervik',4,'-',0,'','0407190325',0,'2628',0),(322,'Helmi Taskila',3,'IV+',1,'','0404127892',0,NULL,0),(323,'Iiris Kivelä',1,'IV-',1,'','0400357515',0,NULL,0),(324,'Laura-Elina Matela',3,'IV+',1,'','0405641775',0,NULL,0),(326,'Miia Paasikannas',4,'-',1,'\n\n','0453135253',0,'0873',1),(327,'Tiina Mäkeläinen',4,'NHT',1,'','0440188210',1,'3805',0),(329,'Mervi Alatalo',1,'-',1,'','0452331994',0,NULL,0),(330,'Elisa Karhu',3,'IV+',1,'','0407721175',1,'2049',1),(331,'Tarja Malin',3,'IV-',0,'','0414794496',0,'0600',1),(332,'Alisa Tunkkari',8,'-',0,'','0400615686',0,NULL,0),(333,'Mika Rahkala',8,'-',0,'','0449926871',0,NULL,0),(335,'Satu Myllymäki',3,'IV+',1,'','0400625332',0,'0692',0),(336,'Kari Kangasvieri',3,'IV+',0,'Hoitotaso','0505202185',0,NULL,0),(337,'Riikka Nissilä',3,'IV+',0,'','0503060072',0,NULL,0),(338,'Johanna Saarilampi',4,'-',1,'','',0,'7753',0),(339,'Crista Koivula',4,'-',1,'','0458872382',0,'0284',0),(343,'Carina T Lahti ',4,'-',0,'VAIN OS 12','0503697678',0,NULL,0),(344,'Minna Mäkelä',3,'IV+',1,'','',0,NULL,0),(346,'Johanna Tullila-Saarenpää',4,'-',1,'','0403580680',1,'4608',1),(347,'Sanna Marjakangas',3,'IV+',1,'','0408618543',0,'9503',1),(348,'Sara Samanen',1,'IV-',1,'','0507190325',0,'5117',0),(349,'Sabina Söderberg',3,'IV+',1,'TMP-pkl','0505396176',0,'5147',0),(352,'Jeremias Koskela',4,'-',0,'','0503685395',0,NULL,0),(354,'Senni Leppä-aho',4,'-',0,'','0442542265',0,NULL,0),(355,'Henna Siironen',4,'-',1,'','',0,NULL,0),(357,'Taru Hangasmaa',1,'IV-',0,'','0503688931',0,NULL,0),(360,'Julia Mietola',3,'-',0,'','',0,NULL,0),(361,'Henna Oikari',3,'IV+',1,'','0503812633',0,NULL,0),(363,'Sanna Björkskog',3,'IV+',1,'','',0,NULL,0),(365,'Anna-Kaisa Myllynen',4,'-',1,'','0407665263',0,NULL,0),(366,'Juha-Matti Virkkala',3,'-',1,'\n','0407411887',0,'1156',0),(369,'Suvi Mäntylä',4,'-',0,'','0405373616',0,NULL,0),(370,'Jonna Ikonen',8,'-',0,'Lh-opisk.','0409696530',0,NULL,0),(371,'Paula Heino',4,'-',0,'Muihin yksiköihin vain Resurssikeskuksen luvalla!! ','',0,NULL,0),(375,'Susanne Keskisalo',4,'NHT',1,'','0400513677',1,'4433',1),(378,'Emilia Mäkinen',4,'IV-',0,'','0400982439',0,NULL,0),(379,'Malin Nikula',4,'-',1,'','',0,'5506',0),(381,'Tiina Luoto',4,'NHT',1,'','0451339638',1,'3599',1),(384,'Mari Pohjonen',3,'IV+',1,'','0407153391',0,NULL,0),(385,'Hanna Kautiainen',3,'IV+',1,'','0451332676',0,'8839',0),(389,'Marjo Maanselkä',3,'IV+',1,'hoitotaso','',0,NULL,0),(390,'Pia Isohanni',3,'IV+',1,'hoitotaso','',0,NULL,0),(391,'Elina Lammi',9,'IV+',1,'','0440861993',0,'1722',1),(392,'Janette Lindgren',4,'-',1,'','0408267185',0,'4427',1),(394,'Marja Mattila',4,'-',1,' ','0407504804',1,'4303',1),(395,'Linda Haka',4,'NHT',1,'','0443065000',0,'0450',0),(396,'Heidi Mikkola',22,'IV+',1,'','0400965016',0,'8285',0),(397,'Emmi Niskakangas',4,'-',0,'','0405961590',0,NULL,0),(399,'Margit Jukkola',3,'-',1,'','',0,NULL,0),(400,'Teija Uusimäki',1,'IV+',1,'','0442802691',0,NULL,0),(401,'Elli Isoaho',4,'-',1,'','0406876616',1,'6508',1),(402,'Olli Ontronen',4,'-',0,'','',0,NULL,0),(403,'Minna Kokko',4,'-',1,'','0505649143',0,'6366',1),(405,'Taina Toivonen',8,'-',0,'','0469537181',0,NULL,0),(406,'Josefin Strandvall',1,'IV-',1,'','0400634575',0,NULL,0),(407,'Suvi Päivärinta',4,'-',0,'','0505799996',0,NULL,0),(410,'Teresa Määttä',4,'-',0,'6. ja 7.10 lumikossa keikkavuorot','0443424199',0,NULL,0),(412,'Marjo Soininen',4,'-',1,'','',0,NULL,0),(413,'Lina Hästbacka',8,'-',1,'','',0,NULL,0),(414,'Rebecca Ylitalo-Hellsten',3,'-',1,'','0400215575',0,'1441',1),(415,'Heidi Saarijärvi',3,'IV+',1,'','0505756231',0,NULL,0),(416,'Iida-Sofia Sallinen',15,'-',1,'','0442104912',0,'6761',0),(417,'Tove Seppelin',4,'-',0,'','0440212223',0,NULL,0),(420,'Saara Erkkilä',4,'-',1,'','0451297040',0,'7305',0),(421,'Emmi Klemola',1,'-',0,'','',0,NULL,0),(424,'Linda Värnström',22,'-',0,'Lisätietoon tarkennus yksiköstä + Effica kirja.','',0,'8981',0),(426,'Jenni Pekkarinen',22,'-',0,'Lisätietoon tarkennus yksiköstä + Effica kirja.','',0,NULL,0),(428,'Veera-Liisa Hietala',8,'-',1,'','0451605257',0,NULL,0),(429,'Kristina Svenlin',4,'-',1,'','0451539500',0,'5891',1),(432,'Petra Kupari',3,'IV+',1,'','0504329109',0,NULL,0),(437,'Rebecca Ågren ',3,'IV+',1,'','0407375504',0,NULL,0),(438,'Jonathan Store',3,'IV+',1,'','0442972982',0,NULL,0),(439,'Minna Pihlajamaa',3,'IV+',1,'','',0,NULL,0),(440,'Tiia Sumell',3,'IV+',1,'','0440682672',0,'3589',1),(441,'Heidi Järviaho',3,'IV+',1,'','0503237584',0,NULL,0),(442,'Tarja Kultalahti',4,'-',0,'selvis,monimuoto,os14','',0,NULL,0),(443,'Anne Peltokangas',3,'IV+',1,'','0400529934',0,NULL,0),(444,'Jenna Rantala',1,'IV-',1,'','0414786786',0,NULL,0),(445,'Saara Kalliokoski',22,'IV+',1,'Terveydenhoitaja sissit. Neuvolat ja infektioidentorjuntayksikkö','0407157806',0,'7111',0),(446,'Johanna Kauppinen',3,'IV+',1,'','0505874356',0,NULL,0),(447,'Jani Niemonen',3,'IV+',1,'','0408360411',0,NULL,0),(448,'Sari Parhiala',4,'NHT',1,'','0408714812',1,'1132',0),(449,'Heta Isopahkala',3,'IV-',1,'MariaKatariina rekryn luvalla.','0440699852',0,NULL,0),(450,'Satu Hietalahti',3,'IV+',1,'','0504051689',0,NULL,0),(451,'Noora Niemi-Korpi',8,'-',0,'','0409686077',0,NULL,0),(453,'Janina Nurminen',4,'-',0,'','0458569623',0,NULL,0),(454,'Suvituuli Tarvainen',4,'-',1,'','0503043123',0,NULL,0),(455,'Nelli Kattilakoski',4,'IV-',1,'','0407430289',0,NULL,0),(456,'Ronald Fagerholm',3,'IV+',1,'','0401271340',0,'8476',0),(457,'Anja Mikkola',4,'-',1,'','',0,'8747',0),(458,'Noora Miinalainen',3,'IV+',1,'','0405398395',0,'0147',0),(460,'Joel Koski-Vähälä',4,'NHT',1,'','0443472078',0,'5230',0),(461,'Teemu Varila',3,'IV+',1,'','0453186119',0,'2026',1),(464,'Jenita Anttila',4,'-',0,'','0405841206',0,NULL,0),(465,'Shaila Riippa',4,'-',1,' ','0453465202',0,'7015',1),(466,'Laura Martinmäki',1,'-',0,'','0400191374',0,NULL,0),(467,'Ida-Maria Parpala',4,'NHT',1,' ','0453116666',0,'7048',1),(470,'Desislava Lenova',4,'-',1,'','0400185902',0,'3689',1),(474,'Hanna Nikula',3,'IV+',1,'','0405198100',1,'8759',0),(475,'Jenny Kuivaniemi',8,'-',1,'','0452208222',0,NULL,0),(477,'Aleksi Leppälä',4,'-',0,'perustaso','0503025695',0,NULL,0),(478,'Laura Johansson',4,'-',0,'vain MariaKatariina','0449309146',0,NULL,0),(479,'Kati Lyytikäinen',4,'-',0,'','0503503379',0,NULL,0),(480,'Nhi Vu-Hagström',15,'-',0,'','0456019726',0,'7620',0),(481,'Satu Manninen',4,'-',1,'\n','0405421178',0,'5172',1),(482,'Anna Häyrynen',4,'-',1,'','0449928623',0,NULL,0),(483,'Paulus Rintamäki',4,'NHT',1,'','',0,NULL,0),(484,'Axel Pelander',1,'NHT',1,'','0505432420',0,NULL,0),(485,'Cecilia Borg',3,'IV+',1,'','0442147208',0,'7849',1),(486,'Henni Lääkkö',1,'NHT',1,'','0404138645',0,NULL,0),(487,'Erika Lesell',3,'-',1,'','0408441556',0,NULL,0),(488,'Tanja Kuivaniemi',4,'-',0,'','0458638893',0,NULL,0),(489,'Janette v.Bonsdorff',4,'-',1,'','',0,NULL,0),(491,'Heidi Haavisto',3,'IV+',1,'hoitotaso','0407242681',0,NULL,0),(492,'Amanda Majanen',3,'-',0,'VAIN OS 17 ja MARIAKATARIINA','0505343767',0,NULL,0),(493,'Karolina Byström',4,'-',0,'','0509170416',0,NULL,0),(494,'Mervi Saraste',15,'-',1,'','0406717868',0,'1379',1),(495,'Vesa Lukkarila',1,'IV-',1,'','0405823379',0,NULL,0),(496,'Rosa Ranta-Nilkku',3,'IV+',1,'','0405098455',1,'8835',1),(497,'Laura Airaksinen',1,'-',1,'','0440280694',0,NULL,0),(499,'Noora Pihlajamaa',4,'IV-',1,'','0407601261',0,NULL,0),(500,'Elina Keski-Vinkka',4,'IV-',0,'','0503707135',0,NULL,0),(501,'Saana Kuusela',1,'IV-',0,'','0442996236',0,NULL,0),(502,'Tanja Karhula',4,'IV-',0,'','0405540618',0,NULL,0),(506,'Mikael Saari',8,'-',0,'','0409630378',0,NULL,0),(509,'Suvi Koskenkangas',8,'-',0,'','0407602160',0,NULL,0),(510,'Alessa Lahnalampi',8,'-',0,'','0449725679',0,NULL,0),(511,'Pia Rytilahti',4,'-',1,'','0400663341',0,NULL,0),(513,'Marika Kataja-Saari',4,'NHT',1,'','0504099798',1,'7833',0),(514,'Riitta Nikkarikoski',4,'-',0,'','0504919763',0,NULL,0),(515,'Koskela Liisa',4,'-',0,'','0440772026',0,NULL,0),(518,'Miia Rein',22,'-',0,'','',0,NULL,0),(519,'Karoliina Koskela',3,'IV+',1,'','0400152895',1,'6989',0),(520,'Paula Peltoniemi',4,'-',1,'','0400153593',0,'7390',0),(521,'Aliisa Toivonen',3,'IV+',1,'','0401751912',0,'2968',0),(522,'Tuuli Luhta',1,'-',0,'','',0,NULL,0),(523,'Olivia Ennenga',3,'IV+',1,'','0451023555',0,NULL,0),(526,'Petri Jämsä',8,'-',1,'','0403698070',0,NULL,0),(530,'Jarkko Karjalainen ',3,'IV+',1,'','0443110909',0,'6863',1),(531,'Elli Hyyppä',3,'IV+',1,'','0405331162',1,'2884',1),(535,'Siv Forsell 2',27,'IV+',1,'','0503091242',0,'8414',1),(536,'Pia Hilli',3,'IV+',1,'','0405121323',0,NULL,0),(539,'Elise Sormunen',22,'IV+',1,'','0443096182',0,NULL,0),(540,'Anni Kosunen',3,'IV+',1,'','0445363948',0,NULL,0),(542,'Lotta Tuikka',4,'-',0,'','0442922320',0,NULL,0),(543,'Jenny Brännkärr',18,'-',0,'','',0,NULL,0),(544,'Emma Westman',3,'IV+',1,'','0407313799',0,'3897',0),(547,'Preh Myar (Fenja) Reh ',4,'-',1,'Iltavuorot kotihoidossa 13-21','0449830123',0,'9554',1),(548,'Heidi Rönn',3,'IV+',1,'','0400354378',0,NULL,0),(549,'Miia Hästbacka',3,'IV+',1,'','0505725895',0,NULL,0),(550,'Elisabeth Vikstöm *',4,'-',1,'Vammaispalveluiden yksiköihin varaus rekryn kautta\n','0405033196',0,'9005',0),(551,'Henna Yli-Suvanto',4,'IV-',0,'','0405185546',0,NULL,0),(552,'Markus Silorinne',4,'-',0,'varaukset vasta kun on perehtynyt','0400504539',0,NULL,0),(553,'Katja Hautanen',4,'-',1,'','0409307080',0,NULL,0),(554,'Anna Juusela',4,'-',0,'','0404170057',0,NULL,0),(555,'Netta Mäntylä',4,'-',1,'','0505362573',0,NULL,0),(556,'Gunn-Viol Johansson',4,'-',1,'\n\n','0503427250',0,'5474',1),(557,'Mirka Lindell',1,'-',0,'','0505015000',0,NULL,0),(558,'Essi Hautala',4,'-',1,'','',0,NULL,0),(559,'Jarno Honka',3,'IV+',1,'','0505466771',0,'7350',1),(560,'Kaisa Solajoki',3,'IV+',1,'','0405158582',0,NULL,0),(561,'Natalia Peiponen',1,'-',1,'Os17, aik.psyk avo, MariaKatariina, rekryn luvalla myös Os7(somatikka)','0407772237',0,'8780',0),(562,'Jenny Forsberg',4,'NHT',1,'KEVENNETTYÄ TYÖTÄ','0408321119',0,NULL,0),(563,'Tiina Jaakkola',15,'-',0,'','0443032054',0,'3759',1),(564,'Daniella Sundström',4,'-',1,'','0405040731',0,'4123',0),(566,'Teresa Leponiemi',28,'-',1,'','0505993937',0,NULL,0),(567,'Henna Koskela',3,'IV+',1,'','0451317102',1,'6635',1),(568,'Vilma Stenmark',3,'IV-',0,'','',0,NULL,0),(571,'Sini Holopainen-Karhula',3,'IV-',0,'','0405553384',0,'8386',0),(572,'Sanna Molander',3,'-',0,'','0443705014',0,NULL,0),(573,'Valtteri Keskitalo',3,'IV+',1,'','0504665744',0,NULL,0),(574,'Martina Libäck-Granö',3,'IV+',1,'','0408672665',0,'8587',0),(575,'Henni Kvick',4,'-',0,'','0405626752',0,NULL,0),(576,'Taru Känsälä',4,'-',1,'','0451367966',0,'8705',0),(579,'Tanja Tynkkinen',4,'-',1,'','0449737712',0,NULL,0),(580,'Maria Sey',3,'NHT',1,'','0400290164',0,'1057',0),(582,'Miika Tölli',4,'-',1,'','0442096811',0,NULL,0),(583,'Mariam Laurén',9,'IV+',1,'','0503757173',0,NULL,0),(586,'Miia Junkala',4,'NHT',1,'','0451297273',1,'2327',1),(587,'Sofia Vakkuri',15,'-',0,'TeSa oper: leikkaus- ja anestesia','0458912370',0,'2198',0),(588,'Katariina Tainio',3,'-',1,'','0414357409',0,NULL,0),(589,'Namuna Oyumaa',8,'-',0,'','0401433077',0,NULL,0),(590,'Aleksi Vehkalampi',4,'NHT',1,'','0443462313',0,NULL,0),(593,'Ella Sjöblom',8,'NHT',1,'','0442003811',0,'4791',0),(594,'Jenni Silvander',6,'-',0,'','',0,'5916',1),(597,'Sari Peurala',3,'-',1,'','0503688755',0,NULL,0),(599,'Jenna Mononen',3,'IV+',1,'','0407368576',1,'0756',1),(600,'Vilma Hakulinen',3,'IV+',1,'','',0,NULL,0),(601,'Mirjami Myllymäki',3,'IV+',1,'','0401789168',0,'9202',1),(602,'Anne Savonen PÄIVÄTOIMINTA',4,'-',1,'HHKokkola sissi','0504520113',1,'2585',0),(603,'Petra Utunen',4,'NHT',1,'','0505311671',1,'4798',0),(604,'Oona Lindberg',3,'IV+',1,'','0400916667',0,'0802',1),(605,'Sandra Sanden',8,'-',0,'','0445547955',0,NULL,0),(606,'Isabella Tallgård',8,'-',0,'','0442918279',0,NULL,0),(608,'Aino Nurmi',22,'-',0,'Lisätietoon tarkennus yksiköstä + Effica kirja.','0443047027',0,NULL,0),(609,'Minja Salmela',4,'NHT',1,'','0400236668',1,'7085',1),(610,'Pia Viitanen',3,'IV+',1,'\n','0504681199',0,'9638',0),(612,'Saana Risikko',4,'-',1,'','0401761662',0,NULL,0),(613,'Eerika Mutka',18,'-',1,'','',0,NULL,0),(614,'Miia Penttilä',3,'IV+',1,'HOITOTASO','',0,NULL,0),(617,'Wilma Kaliokoski',8,'-',0,'','0442827208',0,NULL,0),(618,'Siiri Spets',8,'-',1,'','0442197786',0,'1363',0),(619,'Julia Herrala',4,'-',1,'','0442544318',0,NULL,0),(620,'Matleena Sandkulla',8,'-',0,'','',0,NULL,0),(621,'Soila Heiskanen',4,'-',0,'','0465841017',0,NULL,0),(622,'Elisabeth Vikström',4,'-',1,'','0405033196',0,'9652',0),(623,'Veera Silvennoinen',8,'-',0,'','0403545525',0,NULL,0),(625,'Niko Sivula',3,'IV+',1,'hoitotaso','0503403339',0,NULL,0),(626,'Tiina Kalliokoski',3,'-',1,'','0409398770',0,NULL,0),(627,'Linn Granbacka',8,'-',0,'','0452605656',0,NULL,0),(628,'Juhan Määttälä',4,'-',1,'','',0,NULL,0),(630,'Josefiina Peltola',3,'IV+',1,'','0504206210',0,NULL,0),(631,'Petra Luoma',4,'-',0,'','0505261011',0,NULL,0),(633,'Timo-Pekka Kulmala',3,'IV+',1,'VAIN NUORISO OS 17 toistaiseksi. \n','0503378368',0,'2416',0),(634,'Susanne Kantola',4,'IV-',1,'','0408260821',1,'4046',1),(636,'Johanna Illanvuori',22,'IV+',1,'VAIN INFEKTIOYKSIKKÖ','0504133088',0,'0505',0),(637,'Mira (lh) Paananen',28,'-',0,'','0505520908',0,NULL,0),(638,'Taneli Riuttanen',3,'-',1,'','0400753386',0,NULL,0),(639,'*Juhan Määttälä',4,'-',1,'kehva + psyka + MÄNNISTÖ','0442008111',0,'8144',1),(641,'Salla Kulmala',3,'IV+',1,'','',0,NULL,0),(642,'Antti Nurmikoski',3,'IV+',1,'','',0,'3448',0),(643,'Garang Tor',3,'IV+',1,'','0456915890',0,'2088',0),(644,'Miia Huuha',3,'IV-',0,'','0504665731',0,'4216',1),(645,'Emmi Jääskeläinen',3,'IV+',1,'\n','0505142633',0,NULL,0),(647,'Seija Tervo',3,'-',0,'','0505970341',0,NULL,0),(648,'Dorine Igiraneza',4,'-',0,'','0407299014',0,'8888',0),(649,'Niina Halla-aho',4,'NHT',1,'','0442840843',0,'1154',0),(651,'Maria Kallio AISTI',3,'IV+',1,'DIAL perehdytys mahdollinen.','0458584750',1,NULL,0),(652,'*Johanna Michelsson ',3,'IV+',1,'','0401409884',1,'7431',0),(653,'Hanna Uusikartano',3,'IV+',1,'\n\n','0407543586',0,'9382',1),(654,'Emmi Näreaho',4,'-',0,'','0443479120',0,NULL,0),(655,'Juho Kallio',4,'NHT',1,'','0440422054',0,'3941',0),(657,'Noora Jutila',3,'IV+',1,'','0407314733',0,NULL,0),(658,'Lotta Kivimäki',3,'IV+',1,'','0443370364',0,NULL,0),(659,'Harriet Stordahl',3,'IV+',1,'','',0,'6624',0),(660,'Toni Seppälä',4,'-',0,'','0451601231',0,NULL,0),(661,'Sara Sjölind',4,'-',1,'','0442696469',1,'6341',0),(663,'Neea Erkkilä',4,'-',1,'','0452335180',0,NULL,0),(664,'Josefiina Järvelä',27,'IV+',1,'','',0,'2033',0),(665,'Sofia Hägglund',4,'-',1,'','0443090885',0,NULL,0),(667,'Riitta Mäkelä',4,'NHT',1,'ILTARUSKOON VAIN UUDELLE PUOLELLE','0408350622',1,'9722',1),(668,'Janina Soisalo',4,'-',1,'','0443061633',1,'1118',1),(671,'Josefiina Tuikka',3,'IV+',1,'','0503209983',1,'7785',0),(672,'Laura Dekker',3,'IV+',1,'','04058650136',0,'5791',0),(673,'Kaisa Paavola',4,'-',1,'','0403563894',0,'2259',0),(674,'Jenna Aro',4,'-',1,'\n\n','0503258095',0,'1937',0),(675,'Johanna Jokela',4,'-',1,'','0407200214',0,'7848',1),(676,'Virva Jokela',3,'IV+',1,'','0451272627',0,NULL,0),(682,'Maarit Heikkilä AISTI',3,'IV+',1,'Pädi, Aistin pistoshoidot','0503031441',1,NULL,0),(683,'Minna Ruokoja AISTI',3,'IV+',1,'YLE 1 (DIAL perehdytys mahdollinen). 60 % työaika.','0504132964',1,NULL,0),(684,'Päivi Sarkaranta AISTI',3,'IV+',1,'PÄDI (DIAL perehdytys mahdollinen).','0504919743',1,NULL,0),(685,'Raija Lammi AISTI',3,'IV+',1,'7','0503531400',1,NULL,0),(689,'Elina Passoja',3,'IV+',1,'TEHO','',0,NULL,0),(690,'Taina Vähähyyppä AISTI',3,'IV+',1,'TEHO (Anestesia?)','0407478131',1,NULL,0),(691,'Anne Vuolle-Kettunen AISTI',3,'IV+',1,'YLE 1, Aistin pistoshoidot (DIAL perehdytys mahdollinen).','0503372678',1,NULL,0),(693,'Sari Klemola-Pasanen AISTI',3,'IV+',1,'YLE 1 (DIAL perehdytys mahdollinen).','0407624567',1,NULL,0),(694,'Heidi Nilsson AISTI',3,'IV+',1,'60 % työaika.','0503806039',1,NULL,0),(695,'Eine Tölli AISTI',3,'IV+',1,'DIAL ','0503452402',1,NULL,0),(696,'Irma Hylkilä AISTI',3,'IV+',1,'PÄIVYSTYS','0505728173',1,NULL,0),(697,'Marika Vainio',3,'IV+',1,'','0405136442',0,NULL,0),(699,'Ulla Ojala NEUPO',3,'IV+',1,'KOTSA 23.3.2020 =>','0407265834',1,NULL,0),(700,'Marianne Nylund NEUPO',3,'IV+',1,'KOTIKUNTOUTUS','',0,NULL,0),(701,'Sanna Kivioja NEUPO',3,'IV+',1,'LASTENOS','0505968507',1,NULL,0),(702,'Hanna-Leena Korpiaho',22,'-',0,'KH Perhonjokilaakso','',0,NULL,0),(704,'Heta Erkkilä',4,'-',0,'KH Itäinen','',0,NULL,0),(705,'Marika Soini',4,'-',0,'KH Läntinen','',0,NULL,0),(706,'Asta Pappinen',4,'-',0,'KH Eteläinen. 60 % työaika.','',0,NULL,0),(707,'Matleena Roiko',4,'-',0,'VAIHO','',0,NULL,0),(708,'Eivor Duvnäs',29,'-',0,'KH Kruunupyy. 70 % työaika.','',0,NULL,0),(709,'Marina Renlund',29,'-',0,'KH Kruunupyy. 75 % työaika.','',0,NULL,0),(710,'Maarit Högkull',4,'-',0,'KH Kruunupyy. 50 % työaika.','',0,NULL,0),(711,'Laura Sallila',4,'-',0,'KH Läntinen. 50 % työaika.','',0,NULL,0),(712,'Riitta Niemi',18,'-',0,'KH Pohjoinen. 50 % työaika. NIMIKE?','',0,NULL,0),(713,'Anne Kleemola GER.POLI',3,'-',0,'KOTSA','',0,NULL,0),(714,'Riitta Mehtälä GER.POLI',4,'-',0,'GER.POLI','',0,NULL,0),(715,'Ulla Roiha',4,'-',0,'KOTIHOITO 1. 75 % työaika.','',0,NULL,0),(716,'Sari Koskela GER.POLI',30,'-',0,'ÄITIYSVAPAA Huomioitavaa. 23.3.2020 eteenpäin?','',0,NULL,0),(717,'Susanne Sundvik',3,'-',0,'KH Kruunupyy','',0,NULL,0),(718,'Marjo Virkkala',3,'-',0,'KOTIHOITO 2','',0,NULL,0),(719,'Marja Viiperi',3,'-',0,'VAIN PUHELIN. 60 % työaika.','',0,NULL,0),(723,'Marja Hanhikoski',3,'IV+',1,'OS9','0405236754',0,NULL,0),(725,'Milja Niemi-Korpi',15,'-',0,'Kotiranta','0402190450',0,NULL,0),(726,'Liisa Heinua HAMSU',3,'IV-',0,'YLE 0','',0,NULL,0),(727,'Elina Passoja AISTI',3,'IV+',1,'TEHO osaaminen. Käytettävissä ad 27.3.2020','0407790385',1,NULL,0),(729,'Maria Kivistö',3,'IV+',1,'\n','0503501379',1,'6528',1),(730,'Carolina Pallaspuro MED.POLI',3,'IV+',1,'NEKU / OS 8','0407709989',1,NULL,0),(731,'Heini Peltonen',3,'IV+',1,'OS 7','0400741350',1,NULL,0),(732,'Soili Salonen MED.POLI',3,'IV+',1,'NEKU','0407191961',1,NULL,0),(733,'Emilia Kakkuri',8,'-',0,'','0443050203',0,NULL,0),(734,'Marjo Stenberg MED.POLI',3,'IV+',1,'NEKU','0505955270',1,NULL,0),(735,'Tanja Toivonen MED.POLI',4,'IV+',1,'Päivystys (yle)','0408398318',1,NULL,0),(738,'Niko Kauppinen MED.POLI',31,'-',0,'OAM TYÖ JA VAATEHUOLTO','0400542075',1,NULL,0),(739,'Sanni Kiviharju',3,'IV+',1,'','0405258555',0,'1362',0),(740,'Senni Poikkimäki',8,'-',1,'','0403721126',0,'4183',0),(741,'TR',5,'-',0,'','0408596618',1,'0742',1),(742,'Neea Karvonen',4,'NHT',1,'','0458781772',1,'6312',1),(743,'Ninni Tornikoski',4,'-',1,'','0400892850',1,'1525',0),(744,'Essi Klemola',3,'-',1,'\n','0400287260',0,'6441',0),(745,'Mervi Kangastie',4,'-',1,'','0405272798',0,'6156',1),(746,'Amanda Kivelä',3,'IV+',1,'','0445878297',0,'2974',0),(747,'Sanna Lehtimäki',3,'IV+',1,'','0407363181',0,NULL,0),(748,'Anni Linna MED.POLI',3,'IV+',1,'YLE PÄIVYTYS','0405629761',1,NULL,0),(749,'Sari Särkelä MED.POLI',3,'IV+',1,'YLE 0','0408458950',1,NULL,0),(750,'Sanna Penttilä',4,'IV-',1,'\n','0503631612',1,'7906',1),(752,'Karoliina Mäkelä',3,'IV+',1,'','0456360494',1,'9540',1),(753,'Kilian Hamberg',3,'IV+',1,'','0442980110',0,'2533',0),(754,'Neea Puutio',8,'-',0,'','0453491501',0,NULL,0),(756,'Sanna-Maria Nyman',4,'-',1,'','0442814706',0,'4744',0),(759,'Vuokko Svedström',1,'-',0,'','0408311491',0,NULL,0),(760,'Valtteri Kerola',3,'IV+',1,'HOITOTASO','0451538441',0,NULL,0),(761,'Ida Timmerbacka',8,'-',0,'','0503750293',0,NULL,0),(762,'Satu Kuorikoski',4,'-',1,'','0405049513',0,'8306',1),(763,'Sonja Pääsukene',4,'-',1,'','',0,NULL,0),(764,'Mika Lehtimäki',4,'-',1,'vampa+ psykiatrian yksiköt','0442107993',0,NULL,0),(765,'Kristiina Nyman',1,'-',1,'','0408465071',1,'7162',1),(766,'Sari Korpinen',3,'IV+',1,'','0451498568',1,'9311',1),(767,'Melinda Granholm',3,'IV+',1,'','',0,'5517',1),(768,'Karoliina Köyhäjoki',9,'IV+',1,'','0449756534',0,'0287',0),(769,'Josefina Kellokoski',4,'-',1,'','0449781412',0,'7367',0),(771,'Sari Tornikoski',3,'IV+',1,'','0443389139',0,'1530',0),(773,'Emilia Harju',3,'IV+',1,'','0453596190',0,'7199',0),(774,'Penina Meme-Bäck',3,'IV+',1,'Kotihoito iltavuorot 13-21','0409328027',0,'3204',1),(776,'Janina Erkkilä',1,'IV-',1,'','0443642033',0,'5737',0),(777,'Jimmy Dahlbacka',3,'IV+',1,'','0452641515',1,'8636',0),(778,'Matilda Henriksson',3,'IV+',1,'Hoitotaso','',0,'5072',0),(779,'Sari Pollarinen',4,'-',1,'','0400502628',0,'3737',0),(780,'Bhawani Ranabhat',8,'-',0,'','0449761746',0,NULL,0),(782,'Matias Kukkola',4,'-',0,'','0504038675',0,NULL,0),(783,'Ulrika Palen-Högdahl',3,'IV+',1,'','0443239700',0,'4657',0),(785,'Vivan Dahl',3,'IV+',1,'','0443360017',1,'0974',0),(786,'Tiina Ranta-Panula',3,'IV+',1,'','0404135881',1,'3268',0),(787,'Saara Pirnes',3,'IV+',1,'','0445188857',0,'5100',1),(788,'Päivi Kola',3,'-',1,'','0405770573',0,'2958',0),(789,'Jenna Hagnäs',4,'-',0,'','0451670910',0,NULL,0),(790,'Minna Laitinen',4,'-',1,'','0458661978',0,'9580',1),(792,'Mikael Tervamäki',4,'-',1,'','0405178277',0,'7411',0),(793,'Thao Luu',1,'IV-',1,'','0465343001',0,'5848',0),(794,'Rosa Tran',4,'IV-',0,'','0465558324',0,NULL,0),(795,'Julia Korpihete',3,'IV+',1,'','0509177559',1,'5349',1),(797,'Erica Andersson',4,'-',0,'','0407377487',0,'7351',0),(798,'Jenniina Kattilakoski',4,'NHT',1,'','0442968611',0,'6713',0),(799,'Salla Klemola',3,'IV+',1,'','0442354502',1,'6317',1),(800,'Tiina Lepistö',3,'IV+',1,'','0440564800',1,'8258',1),(801,'Petri Karjalainen',4,'-',1,' ','0451764664',0,'9136',0),(802,'Marjo Niemi-Korpi',4,'NHT',1,'','0405601298',1,'6792',1),(803,'Alica Tiitinen',4,'-',1,'','0503014275',0,'8374',0),(804,'Jenna Hagström',4,'-',1,'','0443026208',0,'7970',0),(805,'Jenny Hagström',3,'IV+',1,'','',0,'2365',0),(806,'Mari Mäkinen',3,'IV-',1,'','',0,NULL,0),(807,'Petra Koski',3,'IV+',1,'','0505896197',1,'9263',0),(808,'Testi Matka',4,'-',1,'','0400145525',0,'0113',0),(810,'Maria Mäkelä',3,'IV+',1,'','0503730409',1,'4586',1),(811,'Teea Limma',4,'NHT',1,'','0401905481',0,'3500',1),(814,'Riitta Pelto-Korpi',3,'IV+',1,'','0503435019',1,'6951',1),(815,'Sari Maunula',27,'IV+',1,'','0400929363',1,'0697',0),(816,'Imaobong (Ima) Isong',3,'IV+',1,'','0409377810',0,'3963',1),(817,'Tuuli Hedman',4,'NHT',1,'','0449922980',0,'7943',1),(818,'Paula Kokkonen',4,'NHT',1,'Ei Puistolaa','0445374488',1,'8134',1),(819,'Matilda Gåsström',9,'IV+',1,'','0405282909',0,'9295',0),(820,'Nea Tuomikoski',4,'-',1,'','0504435791',0,'',0),(821,'Noora Raudaskoski',4,'-',0,'rekryn kautta aikuispsykiatrian yksiköt.','0505993986',0,'5546',0),(822,'Emilia Nikula',4,'-',1,'','0453486180',0,'6908',0),(823,'Niko Lehtimäki',4,'-',0,'','0504329825',0,'7067',0),(825,'Heli Anttiroiko',3,'IV+',1,'','0407787670',0,'6024',0),(826,'Liisa Mäkelä',4,'-',1,'','0451593077',1,'6787',1),(827,'Eija Pulkkinen',2,'-',1,'','0405897928',1,'9517',1),(828,'Pauliina Hintsala os. Syri',4,'-',1,'lasten psyk os14','0453540690',0,'3527',1),(829,'Helena Saastamoinen',4,'NHT',1,'','0442933093',1,'6780',0),(830,'Eeli Harmaala',4,'IV-',0,'','0449783472',0,'2135',0),(832,'Heidi Kananen',4,'-',0,'','0407454323',0,'0833',0),(833,'Janina Nygård',18,'IV-',0,'','0443523816',0,'2766',0),(834,'Maiju Raappana',4,'IV-',0,'','0456014706',1,'5146',0),(835,'Mia Leväniemi',8,'IV-',0,'','0449739006',0,'6492',0),(836,'Minttu Tähjä',4,'IV-',1,'','0452011374',0,'7231',0),(837,'Nea Kivelä',4,'-',1,'','0452677288',1,'8218',0),(838,'Nea Laitala',4,'IV-',1,'','0451585285',0,'0106',0),(839,'Tilda Talus',18,'IV-',0,'','0413657808',0,'8900',0),(840,'Susanna Tikkala',4,'IV-',1,'','0505284842',0,'1830',1),(841,'Niina Hotakainen',9,'IV+',1,'','0505435899',0,'1801',0),(842,'Eetu Hautala',1,'-',1,'','0509170421',0,'1324',1),(843,'Tiia Pöyhönen',3,'IV+',1,'','0401804967',1,'3205',0),(845,'Minna Turunen',4,'-',1,'','0445579550',0,'3369',1),(846,'Marjo Virta',3,'IV+',1,'','0407249325',0,'0022',0),(848,'Samuel Kung',3,'IV+',1,'HOITOTASO','0505337214',0,'7791',0),(849,'Vilma Rinne',3,'IV+',1,'','0452784801',0,'4059',0),(850,'Riitta Harju',4,'-',1,'','0408215038',0,'2404',0),(851,'Malin Brandt',4,'NHT',1,'NHT','0401850733',1,'6001',1),(852,'Eveliina Kerola',8,'-',0,'Kannukseen rokotuskirjaukset','0456643797',0,'7919',0),(854,'Niku Fagerholm',3,'-',1,'','0440236563',0,'1129',1),(855,'Viivi Hopia-Leppälä',4,'-',1,'','0504344647',0,'0778',1),(856,'Sanna Hokkanen',3,'-',0,'','0449122515',0,'7405',0),(857,'Henna Pesola',4,'-',0,'','',0,'7899',0),(858,'Kati Raappana',4,'IV-',1,'','0453199445',0,'3583',1),(859,'Tiia Timmerbacka',4,'IV-',1,'','0443265610',0,'6607',1),(860,'Anna Kangasluoma',3,'IV+',1,'\n','0505581950',0,'1034',0),(861,'Veera-Maria Lehtinen',3,'IV+',1,'','0400274993',0,'4711',1),(862,'Heidi Kalliokoski',15,'IV-',1,'SuuLOP -','0404403314',0,'2165',1),(863,'Silja Koskela',4,'-',1,'','0445522099',0,'0183',0),(865,'Anu Ainali',3,'-',1,'Varaukset kehvalle Resurssikeskuksen kautta\n','0405632737',0,'5798',0),(866,'Karoliina Rajala',3,'IV+',1,'','0404161744',0,'4959',1),(867,'Jaana Korpijärvi',4,'-',1,'','0406521006',0,'4895',0),(868,'Melissa Nygård',4,'-',1,'','0407772574',0,'7273',1),(869,'Mari Kokkoniemi',4,'-',1,'','0400496358',0,'6070',1),(870,'*Carola Blomqvist',4,'-',0,'','0405168707',0,'1928',0),(871,'Fanni-Olivia Peltoniemi',8,'-',1,'','0401759077',0,'3377',1),(873,'Elina Nurmi',3,'IV+',1,'','0442174110',0,'6834',0),(874,'Henna Isokoski',4,'NHT',1,'','0407486628',0,'1798',1),(875,'Kaisa Kotka',4,'-',0,'','0400546375',0,'9070',0),(876,'Juha Puikko',4,'-',1,'Arkipäivisin kotiosasto 14','0504100842',0,'4887',0),(877,'Hannele Sundell',4,'-',1,'','0451610822',0,'4904',0),(878,'Salla Leppiniemi',3,'-',1,'','0408375682',0,'2594',1),(880,'Markus Ketonen',4,'-',1,'','0503084087',0,'8487',1),(881,'Heidi Kinnunen',4,'IV-',1,'','0449751509',0,'2720',1),(882,'Marjukka Väätäinen',3,'IV+',1,'','0405093152',0,'7717',1),(883,'Alexandra Abbors',4,'-',1,'','0451064585',0,'7196',0),(884,'Viivi Harju',22,'-',1,'','0504068424',0,'9206',0),(886,'Viljami Skantsi',4,'-',1,'','0443499089',0,'1654',0),(887,'*Ann-Sofie Sahlgren',3,'IV+',1,'','0504134493',0,'9145',0),(888,'Kaisa Kalliokoski',4,'-',1,'','0445154816',0,'9526',0),(889,'Annabella Tofferi',8,'-',0,'','',0,'2398',0),(890,'Eija Nygård',17,'-',0,'','',0,'5155',0),(891,'Nina Raitanen',4,'IV-',1,'','0503737777',0,'0733',1),(892,'Veera Björkbacka',3,'IV+',1,'','0405597962',1,'0461',1),(894,'Krista Pohjonen',22,'-',1,'','0505588144',0,'0239',1),(895,'Sanna Kero',6,'-',0,'','',0,'0174',1),(896,'Karoliina Marjut Koskela',3,'IV+',1,'','0451064219',1,'5346',0),(898,'*Eeva Parkkonen',18,'-',0,'Rokotustoiminnan sihteeri','',0,'7709',0),(899,'Päivi Hanhisalo',3,'IV+',1,'','0405321772',0,'5535',1),(900,'Carita Annala',4,'-',1,'','0504032323',0,'6683',1),(901,'Piia Kulmala',9,'IV+',1,'','0503508357',0,'5344',1),(902,'Maria Eski',4,'NHT',1,'','0505061829',0,'3426',1),(904,'Tuorila Sanna',6,'-',0,'','',0,'4846',1),(905,'Mia Hongell',4,'-',1,'','0458924210',0,'5994',1),(906,'Minttu Ihamäki',4,'-',0,'','0451501954',0,'0882',0),(907,'Kaisa Vähärautio',4,'-',0,'','0445214985',0,'0099',0),(908,'Heta Kamula',4,'-',1,'','0409307981',0,'0243',0),(909,'Karoliina H Koskela',15,'-',0,'','0408388188',0,'8901',1),(910,'Jonna Parkkinen',3,'IV+',1,'','0443567675',0,'3888',1),(911,'Minttu Hietamäki',4,'-',1,'','0453114931',1,'2294',1),(912,'Essi Partanen',3,'IV+',1,'','0503774985',1,'2904',1),(913,'Emma Biskop',4,'-',1,'','0503086240',0,'6785',0),(914,'Ida-Maria Mendes',33,'-',0,'','0400895197',1,'6895',1),(915,'Jenni Viitiö (os. Sydänsaari)',33,'-',0,'','0408396230',1,'4554',0),(916,'Anna Mehtälä',8,'-',1,'','0451165169',1,'6003',0),(917,'Milja-Elina Lindberg',33,'-',0,'','0456519646',1,'5939',0),(918,'Jenna Huhtamäki',4,'-',1,'','0453454073',0,'2469',0),(919,'Janica Sandberg',8,'-',0,'','0452343518',0,'9082',0),(920,'Oona Päivärinta',4,'NHT',1,'','0443542550',0,'0680',0),(923,'Janita Hautamäki',3,'IV+',1,'','0442314325',0,'9191',1),(924,'Jemina Saarela',8,'-',1,'','0440750464',0,'0747',0),(925,'Jonna Kinnunen',4,'NHT',1,'','0449954480',1,'8831',0),(926,'Engberg Henna',3,'IV+',1,'','',0,'2457',0),(927,'Penttilä Miia',3,'IV+',1,'','',0,'5816',0),(928,'Oomeh Oo',1,'-',1,'','0465555727',0,'2550',0),(929,'Sini Mäkelä',3,'IV+',1,'','0451370098',0,'4109',0),(930,'Emilia Tuorila',4,'-',1,'','0404191315',0,'6099',1),(931,'Emil Holmberg',3,'IV+',1,'','',0,'1492',1),(932,'Anna-Maija Korkiamäki',3,'IV+',1,'','0405136657',0,'3640',0),(934,'Pekka Kulha',4,'-',1,'','0401784553',0,'8805',1),(935,'Heidi Joki',33,'-',0,'','0504041877',1,'2382',1),(936,'Kristiina Kykyri',3,'IV+',1,'','0503418592',0,'8090',0),(937,'Anni Klapuri',4,'-',1,'','0452623577',0,'6372',1),(938,'Anni Särkioja',4,'-',1,' ','0440873843',1,'5476',1),(939,'Kari Hakalax',4,'-',1,'','0400567703',0,'5575',1),(940,'Tea Sundvik',4,'-',0,'','0442002291',0,'4140',1),(941,'Minni Nyberg',4,'-',1,'','0504678240',1,'6146',1),(942,'Taru Kämäräinen',4,'-',1,'','0405170890',0,'7197',0),(943,'Anitta Liimatainen',3,'-',1,'','0505304756',0,'8545',1),(944,'Solveig Läspä',3,'-',1,'','0503477449',0,'1979',0),(945,'Saija Tolonen',33,'-',0,'','0401731107',1,'8409',1),(947,'Marketta Honkaharju',3,'-',1,'','0405856769',0,'3155',0),(948,'Miia Isokääntä',4,'NHT',1,'','0503063168',1,'6499',1),(950,'Kenneth Furu',3,'-',1,'','0456518658',0,'3156',0),(951,'Marko Haasala',4,'-',1,'','0405049598',0,'9010',0),(952,'Petri Salo',4,'-',0,'\n','0405431312',0,'8733',0),(953,'Eero Niskala',3,'-',1,'','0403652374',0,'6871',0),(954,'Jukka Koivukoski',4,'-',1,'','0453131962',1,'5764',1),(955,'Jasmin Hietasaari ',4,'-',1,'','0440993489',1,'8691',1),(956,'Hanna Paananen',4,'-',0,'','',0,'7810',0),(957,'Anna Ylikoski',4,'-',1,'','0414931449',1,'1004',1),(958,'Eveliina Leskinen',4,'-',1,'Arkisin kotiosasto Kirpo, viikonloppuisin/iltaisin os10','0451973414',0,'5742',1),(959,'Petri Saviranta',5,'-',0,'','0445017674',1,'5250',1),(960,'Ella Varila',4,'-',1,'','0400867041',1,'5813',1),(961,'Susanna Vähäkainu',4,'NHT',1,'','0451377992',1,'0695',1),(962,'Mari Koskela',4,'NHT',1,'','0407263936',1,'0867',1),(963,'Janette Hallanoro',6,'-',0,'','',0,'4113',1),(964,'Helmiina Mehtälä',4,'-',1,'','0451553355',0,'4940',1),(966,'Hanna Lappi',4,'NHT',1,'','0452738439',0,'3742',1),(967,'Johanna Tyybäkinoja',4,'-',0,'','0449702653',1,'1837',0),(968,'Silva Kirmanen',4,'NHT',1,'','0401724002',1,'7453',1),(969,'Iida Lassila',3,'IV+',1,'','0408643667',1,'3420',0),(970,'Tarja Saunamäki',4,'-',1,'','0408065920',1,'9752',1),(971,'Ralf Finne',4,'-',1,'','0408068148',1,'4050',1),(972,'Sanna Finne',4,'-',1,'','0408042735',1,'0146',1),(973,'Päivi Rönkkö',4,'-',1,'','0503479520',1,'3923',0),(974,'Marjukka Parhiala',4,'-',1,'','0443417258',1,'4024',1),(975,'Elina Rokala',4,'-',1,'','0443042966',1,'8017',0),(976,'Johanna Viiperi',4,'-',1,'','0449851845',1,'5697',0),(977,'Petriina Nisula',4,'NHT',1,'','0445223120',1,'5417',0),(978,'Janita Tor',3,'IV+',1,'','0451118397',0,'2752',0),(980,'Tiina Sundbäck',4,'NHT',1,'','0408487310',0,'4451',1),(981,'Jaana Puumala',3,'IV+',1,'','0504146039',0,'0615',1),(982,'Medina van der Kaaij',4,'-',1,'','0453113722',0,'7344',1),(983,'Testi Teija',18,'-',0,'','0505300496',1,'2516',0),(984,'Salla Uusitalo',4,'NHT',1,'','0409653212',1,'1581',1),(985,'Paula From',4,'-',1,'','0503471407',1,'4483',1),(986,'Noora Venetpalo',3,'IV+',1,'','0440309301',0,'4845',1),(987,'Mirella Jutila',4,'-',1,'','0408257040',0,'8342',1),(988,'Testi Terttunen',4,'NHT',1,'','0408394388',1,'9430',0),(989,'Hanna Haasala',3,'IV+',1,'','0440795955',1,'6662',1),(990,'Adele Backman',3,'IV+',1,'','0505151081',0,'5027',1),(991,'Marika Ahola',3,'IV+',1,'','0445155683',1,'1012',1),(992,'Elisa Sundfors',33,'-',1,'','0504071671',1,'3064',0),(993,'Linnea Haaponiemi',4,'NHT',1,'','0456952727',1,'3707',1),(994,'Susanna Remesaho',4,'-',1,'','0449712616',1,'5633',0),(995,'Noora Kuorikoski',4,'-',1,'','0403247015',1,'2687',1),(996,'Lilja Sillanpää',4,'NHT',1,'','0401803513',0,'9893',1),(997,'Katriina Träsk',8,'-',1,'Rajatut opiskelijan lääkeluvat, saa antaa valmiiksi jaetut lääkkeet','0401892992',0,'4356',0),(998,'Emma Hannula',3,'IV+',1,'Hoitotaso','0503036650',0,'7355',1),(999,'Miina Sillanpää',4,'-',1,'','0452538233',1,'9061',1),(1000,'Heidi Hirvinen',4,'-',1,'','0453450427',1,'1557',1),(1001,'Hanna Söderman',4,'-',1,'','0414309060',1,'0971',1),(1002,'Heidi Linna',3,'IV+',1,'','0442712259',1,'9179',1),(1003,'Suvi Kankkonen',3,'IV+',1,'','0505641010',0,'7524',1),(1004,'Cecilia Lasén',35,'-',0,'','0451715954',0,'1931',1),(1005,'*Satu Myllymäki',3,'IV+',1,'','',0,'0210',1),(1006,'Heidi Salo',6,'-',0,'','0452602366',1,'8040',1),(1007,'Maria Orpana-Peltomäki',6,'-',0,'','0505942052',1,'1608',1),(1008,'Pauliina Joutsen',6,'-',0,'','0442414728',1,'7169',1),(1009,'Heidi Eeva Kinnunen',22,'-',0,'','0407679169',0,'0190',1),(1010,'Daniela Arkkukangas-Htoo',3,'IV+',1,'','0408117464',0,'5552',1),(1011,'Merja Salmela',4,'NHT',1,'','0408464212',1,'2523',1),(1012,'Marja-Leena Poijula',3,'IV+',1,'','0405008961',0,'7702',1),(1013,'Outi Päivärinta',6,'-',0,'','',0,'7047',1),(1014,'Ira Rantala',3,'IV+',1,'','',0,'3679',1),(1015,'Nenna Kotila',3,'IV+',1,'','0442938852',1,'1845',1),(1016,'Juuso Kantola',8,'-',1,'','0406694516',0,'6686',1),(1017,'Mikaela Kortell',4,'-',1,'','0503413056',0,'3687',1),(1018,'Mari Jokelainen-Mäkelä',4,'-',1,'','0408042908',1,'0032',1),(1019,'Henna Hautamäki',3,'IV+',1,'','0453434054',0,'0460',1),(1020,'Riika Kokkila *',4,'NHT',1,'','0408333721',1,'8956',1),(1021,'Maarit Mäki-Ullakko',8,'-',1,'Lääkkeen antolupa. Kh vain Puistola.','0445045551',1,'0054',1),(1022,'Heta Lepistö',15,'-',1,'','040717186',1,'9613',1),(1023,'Emma Okkonen',3,'IV+',1,'','0442799286',1,'0933',1),(1024,'Jonna Haukilahti',15,'-',1,'','',0,'2428',1),(1025,'Katja Pajala',3,'IV+',1,'','0415032533',1,'1248',1),(1026,'Sirpa Riihola',3,'-',0,'','0443580550',0,'1068',0),(1027,'Hanne Rönkkö',4,'-',1,'','0400992258',1,'9999',1),(1028,'Katja Palola',6,'-',0,'','',0,'7817',1),(1029,'Elsaid Nassef',1,'-',0,'','0452762555',0,'7274',1),(1030,'Hanna Rahkola',3,'IV-',0,'','0451528636',0,'2768',0),(1031,'Jarmo Huhtala',3,'IV+',1,'','0504945363',0,'9319',1),(1032,'Laura-Sofia Alatainio',3,'IV+',1,'','0443012561',0,'5231',1),(1033,'Verna Vuolle',4,'-',1,'','0404489228',0,'8013',1),(1034,'Janina Roos',9,'IV+',1,'','0505119849',0,'9123',1),(1035,'Emma Peltola',3,'IV+',1,'','0400422620',0,'1366',1),(1036,'Seija Ritamäki',3,'-',1,'','0503625356',0,'1410',1),(1037,'Piia Teirikangas',3,'IV+',1,'','0409115784',0,'6162',1),(1038,'Maarit Sjelvgren',3,'IV+',1,'','0407783787',0,'2349',0),(1039,'Eve Jylhä',4,'-',1,'','0509114002',1,'6652',1),(1040,'Minna Kauppinen',3,'-',0,'','0504329299',0,'5293',1),(1041,'Marjo Koivumäki',3,'IV+',1,'Arkisin kotiosasto heräämö, viikonloppuisin os7.','0451521917',0,'9183',1),(1042,'Johanna Linna',3,'IV+',1,'ILTARUSKOSSA VAIN UUSI PUOLI','0408216997',1,'3114',1),(1043,'Melinda Niemi-Korpi',4,'-',1,'','0401976754',0,'2764',1),(1044,'Katja Taskila',36,'-',0,'','0442930350',0,'5883',1),(1045,'Tiina Lukkarila',36,'-',0,'','0440125125',0,'7259',1),(1046,'Jonatan Tynkkynen',36,'-',0,'','0452386989',0,'0498',1),(1047,'Vesa-Matti Jämsä',4,'NHT',1,'','0407156302',0,'9766',1),(1048,'Tanja Hautala',4,'-',0,'','0400234297',1,'2408',1),(1049,'Terhi Ypyä',3,'IV+',1,'','0445428159',1,'4430',1),(1050,'Rasmus Nyman',1,'-',1,'','0404133997',0,'9403',1),(1051,'Tanja Vikström',9,'IV+',1,'','0503473357',0,'8709',1),(1052,'Binita Maharjan',4,'-',1,'','0442448762',0,'9897',1),(1053,'Hanna Penttilä',4,'-',1,'','0405524471',1,'0860',1),(1054,'Joonas Rantala',4,'-',1,'','0503441623',0,'1095',1),(1055,'Antti Koskenmäki',4,'NHT',1,'','0401401183',1,'4084',0);
/*!40000 ALTER TABLE `sijainen` ENABLE KEYS */;
UNLOCK TABLES;

--
-- Table structure for table `sijainenosasto`
--

DROP TABLE IF EXISTS `sijainenosasto`;
/*!40101 SET @saved_cs_client     = @@character_set_client */;
/*!40101 SET character_set_client = utf8 */;
CREATE TABLE `sijainenosasto` (
  `id` int(11) NOT NULL AUTO_INCREMENT,
  `sijainen_id` int(11) NOT NULL,
  `osasto_id` int(11) NOT NULL,
  `osastotyyppi` int(11) NOT NULL COMMENT '0 = muu osasto, 1 = kotiosasto, 2 = mahdollinen osasto',
  PRIMARY KEY (`id`),
  KEY `sijainen_id` (`sijainen_id`),
  KEY `osasto_id` (`osasto_id`)
) ENGINE=InnoDB AUTO_INCREMENT=59816 DEFAULT CHARSET=latin1;
/*!40101 SET character_set_client = @saved_cs_client */;

--
-- Dumping data for table `sijainenosasto`
--

LOCK TABLES `sijainenosasto` WRITE;
/*!40000 ALTER TABLE `sijainenosasto` DISABLE KEYS */;
INSERT INTO `sijainenosasto` VALUES (75,83,107,1),(77,90,153,1),(78,91,14,1),(79,100,98,1),(80,101,148,1),(83,95,142,1),(88,7,107,1),(90,104,152,1),(91,125,170,1),(92,140,144,1),(93,49,148,1),(96,120,153,1),(101,4,98,1),(102,2,98,1),(103,86,107,1),(105,116,170,1),(112,159,170,1),(147,139,170,1),(153,70,153,1),(154,12,153,1),(157,38,142,1),(162,5,98,1),(174,6,98,1),(180,146,98,1),(222,154,158,1),(233,109,148,1),(268,129,107,1),(269,15,152,1),(277,130,170,1),(285,124,88,1),(296,44,148,1),(301,88,98,1),(307,16,152,1),(316,29,159,1),(334,85,164,1),(355,92,98,1),(356,155,148,1),(370,141,144,1),(1099,65,43,1),(1569,211,48,1),(1663,239,223,1),(1668,234,52,1),(1959,43,148,1),(2083,250,59,1),(2785,296,107,1),(2899,297,73,1),(2990,208,109,1),(2994,166,107,1),(2997,246,107,1),(3328,286,107,1),(3639,200,74,1),(3781,228,57,1),(3904,119,152,1),(4146,280,159,1),(4154,97,159,1),(4159,33,167,1),(4163,128,148,1),(4171,61,153,1),(4217,215,55,1),(4292,253,230,1),(4334,180,71,1),(4337,181,72,1),(4380,201,78,1),(4637,28,88,1),(4649,170,88,1),(4653,147,148,1),(4678,74,148,1),(4690,24,134,1),(4692,134,167,1),(4782,277,220,1),(4903,354,43,1),(4904,333,39,1),(5115,304,71,1),(5254,278,74,1),(5419,213,220,1),(5690,268,78,1),(5711,323,148,1),(5718,198,148,1),(5729,69,142,1),(5795,361,72,1),(5804,298,72,1),(5892,352,114,1),(5896,138,108,1),(5902,276,95,1),(5991,370,116,1),(6081,378,45,1),(6082,357,74,1),(6089,360,95,1),(6301,397,71,1),(6471,13,134,1),(6481,143,14,1),(6485,106,152,1),(6492,363,134,1),(6700,405,37,1),(6852,332,44,1),(6866,190,198,1),(6881,288,111,1),(6893,318,40,1),(6994,400,183,1),(7060,245,108,1),(7067,410,112,1),(7126,413,58,1),(7147,232,50,1),(7453,343,14,1),(7694,421,75,1),(7848,428,227,1),(7865,406,142,1),(8112,417,114,1),(8115,365,109,1),(8127,371,107,1),(8129,292,59,1),(8365,300,131,1),(8386,329,71,1),(8392,317,72,1),(9115,444,48,1),(9125,451,214,1),(9234,384,71,1),(9546,182,72,1),(9754,210,241,1),(9794,322,152,1),(9922,453,108,1),(9925,464,107,1),(9926,478,107,1),(9940,36,179,1),(10006,466,215,1),(10040,449,95,1),(10183,447,72,1),(10397,21,161,1),(10401,20,14,1),(10404,450,14,1),(10535,415,14,1),(10547,438,152,1),(10605,492,95,1),(10740,443,88,1),(10783,151,159,1),(11134,515,57,1),(11220,509,215,1),(11428,510,72,1),(11431,500,152,1),(11462,432,153,1),(11478,495,72,1),(11483,84,152,1),(11613,484,167,1),(11625,156,148,1),(11632,483,142,1),(11673,160,170,1),(11701,337,170,1),(11711,336,170,1),(11730,389,170,1),(11740,477,170,1),(11751,390,170,1),(11761,491,170,1),(11777,514,112,1),(11779,518,257,1),(11780,3,98,1),(11784,47,98,1),(11788,131,95,1),(11793,442,102,1),(11797,488,98,1),(11893,506,48,1),(12035,526,53,1),(12239,523,152,1),(12310,399,98,1),(12329,446,56,1),(12364,207,170,1),(12413,542,57,1),(12708,437,153,1),(12712,183,73,1),(12715,184,71,1),(13714,243,220,1),(13818,324,88,1),(14497,522,95,1),(14953,502,14,1),(14994,552,112,1),(15631,493,131,1),(15634,554,153,1),(15656,511,52,1),(15674,557,48,1),(15804,153,159,1),(15954,539,88,1),(15958,486,88,1),(16234,259,14,1),(17476,439,179,1),(17801,479,339,1),(17934,572,98,1),(18555,150,158,1),(18638,41,148,1),(19268,475,53,1),(19731,560,152,1),(20036,536,77,1),(20069,566,77,1),(20599,620,54,1),(20663,369,343,1),(20887,540,152,1),(20906,455,71,1),(20945,575,54,1),(20957,589,56,1),(20961,579,53,1),(21605,501,339,1),(21611,497,71,1),(21757,549,158,1),(21957,551,153,1),(22140,344,179,1),(22141,548,152,1),(22150,606,337,1),(22168,605,71,1),(22237,627,55,1),(22239,482,227,1),(22257,631,56,1),(23008,76,179,1),(23027,402,339,1),(23039,267,179,1),(23040,568,179,1),(23115,553,214,1),(23124,647,227,1),(23367,499,339,1),(23380,77,152,1),(23395,53,57,1),(23396,614,170,1),(23680,630,337,1),(23753,487,95,1),(24173,617,53,1),(24367,555,71,1),(24384,407,71,1),(24396,637,77,1),(24464,588,98,1),(25256,663,52,1),(25550,654,56,1),(25597,543,55,1),(26200,719,376,1),(26203,715,376,1),(26206,717,376,1),(26207,718,376,1),(26208,706,376,1),(26209,704,376,1),(26210,708,376,1),(26211,709,376,1),(26212,710,376,1),(26214,705,376,1),(26215,711,376,1),(26216,702,376,1),(26218,712,376,1),(26219,707,376,1),(26236,689,376,1),(26245,723,376,1),(26291,725,376,1),(27175,741,342,1),(27217,660,95,1),(27301,665,55,1),(27342,700,376,1),(27349,651,376,1),(27351,696,376,1),(27354,738,376,1),(27356,714,376,1),(27357,716,376,1),(27360,699,376,1),(27366,726,376,1),(27367,713,376,1),(27610,562,77,1),(27817,94,158,1),(27830,30,158,1),(27861,641,179,1),(27940,645,71,1),(28299,454,53,1),(28478,754,337,1),(28481,747,337,1),(28521,759,29,1),(29798,684,376,1),(29799,685,376,1),(29800,701,376,1),(29801,693,376,1),(29802,749,376,1),(29803,732,376,1),(29804,690,376,1),(29806,735,376,1),(29808,657,167,1),(29815,683,376,1),(29817,734,376,1),(29819,682,376,1),(29827,731,376,1),(29828,694,376,1),(29829,727,376,1),(29830,695,376,1),(29831,730,376,1),(29832,748,376,1),(29833,691,376,1),(30473,733,53,1),(30482,763,107,1),(30539,761,71,1),(30602,573,214,1),(30887,626,95,1),(30899,658,337,1),(31603,590,343,1),(31613,303,167,1),(31633,583,148,1),(31646,600,158,1),(33411,697,71,1),(33877,789,215,1),(33967,19,134,1),(34192,613,39,1),(34270,313,57,1),(34408,619,47,1),(34422,623,48,1),(34426,355,339,1),(34511,608,264,1),(34539,205,109,1),(34565,558,112,1),(34570,489,114,1),(34590,426,264,1),(34620,628,103,1),(34647,612,112,1),(34666,621,107,1),(34678,311,107,1),(34915,780,337,1),(34921,638,98,1),(34924,597,98,1),(34928,133,98,1),(34951,782,227,1),(35018,760,170,1),(35040,625,170,1),(35603,794,48,1),(35629,412,379,1),(35838,764,112,1),(35966,135,159,1),(35978,806,142,1),(35982,582,159,1),(36436,441,152,1),(36768,676,78,1),(37582,118,167,1),(37594,123,88,1),(37896,803,113,1),(37909,797,112,1),(38074,87,153,1),(38096,574,403,1),(38110,823,56,1),(38112,756,403,1),(38343,808,10,1),(38371,648,56,1),(38960,564,142,1),(39007,618,227,1),(39034,72,103,1),(39270,798,339,1),(39277,820,339,1),(39524,801,47,1),(39837,633,95,1),(39954,769,114,1),(39963,821,114,1),(39972,593,52,1),(40000,839,405,1),(40095,520,57,1),(40120,132,148,1),(40132,777,343,1),(40548,521,98,1),(41042,561,108,1),(41242,25,153,1),(41293,792,114,1),(41460,149,142,1),(41473,672,167,1),(41481,805,158,1),(41914,661,55,1),(41925,779,56,1),(41936,576,214,1),(41949,743,71,1),(41957,655,152,1),(41966,829,337,1),(41971,856,337,1),(41975,786,152,1),(42177,602,376,1),(42361,260,179,1),(42362,671,158,1),(42554,674,98,1),(43097,815,146,1),(43106,833,405,1),(43197,603,337,1),(43371,753,142,1),(43750,857,88,1),(43799,587,194,1),(43825,863,48,1),(43830,830,71,1),(43838,832,227,1),(43841,348,153,1),(43843,852,47,1),(44003,622,95,1),(44115,876,98,1),(44353,889,227,1),(44527,785,77,1),(44581,846,339,1),(44617,835,405,1),(44618,636,379,1),(44822,225,227,1),(44842,643,142,1),(44999,349,167,1),(45012,664,148,1),(45016,888,88,1),(45229,550,98,1),(45240,865,103,1),(45255,320,108,1),(45282,338,109,1),(45291,875,113,1),(45593,8,355,1),(45595,67,355,1),(45645,896,407,1),(45775,819,148,1),(45778,841,148,1),(45781,456,343,1),(45788,48,159,1),(45871,652,405,1),(45875,890,405,1),(45876,834,405,1),(46233,913,227,1),(46765,460,152,1),(46774,776,71,1),(46783,144,339,1),(46859,659,179,1),(46866,1,179,1),(46867,642,179,1),(46868,37,179,1),(46893,420,405,1),(47203,906,107,1),(47425,883,55,1),(47437,850,54,1),(47625,9,142,1),(47971,837,405,1),(48061,739,71,1),(48219,924,214,1),(48224,920,220,1),(48229,740,220,1),(48489,919,142,1),(48493,768,148,1),(48497,458,159,1),(48504,849,343,1),(48602,956,108,1),(48603,366,95,1),(48635,908,339,1),(48745,886,242,1),(48795,959,169,1),(48857,199,113,1),(49081,169,30,1),(49290,771,71,1),(49301,379,403,1),(49473,175,339,1),(49485,148,405,1),(49886,17,153,1),(50051,793,227,1),(50588,898,352,1),(50599,932,352,1),(50921,40,269,1),(50922,40,151,0),(50923,258,288,1),(50924,258,250,0),(50925,258,251,0),(50926,258,279,0),(50927,258,280,0),(50928,258,289,0),(50946,391,269,1),(50947,391,151,0),(50962,470,95,1),(50963,470,94,0),(50964,470,85,0),(50965,470,86,0),(50966,470,90,0),(50967,470,91,0),(50968,470,83,0),(50969,470,84,0),(50988,966,250,1),(50989,966,151,0),(50990,966,251,0),(50991,966,279,0),(50992,966,280,0),(50993,60,99,1),(50994,60,100,0),(50995,60,60,0),(50996,60,233,0),(50997,60,10,2),(51009,212,88,1),(51010,212,94,0),(51011,212,95,0),(51012,212,85,0),(51013,212,86,0),(51014,212,87,0),(51015,212,89,0),(51016,212,90,0),(51017,212,91,0),(51018,212,83,0),(51019,212,84,0),(51083,930,95,1),(51084,930,94,0),(51085,930,86,0),(51086,930,88,0),(51087,930,90,0),(51088,930,83,0),(51089,930,84,0),(51184,912,99,1),(51185,912,100,0),(51186,912,61,0),(51187,912,62,0),(51188,912,75,0),(51189,912,93,0),(51190,912,233,0),(51191,912,234,0),(51192,912,235,0),(51201,947,352,1),(51214,78,77,1),(51215,78,61,0),(51216,78,62,0),(51217,78,73,0),(51218,78,75,0),(51219,78,93,0),(51220,66,73,1),(51221,66,61,0),(51222,66,62,0),(51223,66,75,2),(51224,66,93,2),(51269,790,86,1),(51270,790,94,0),(51271,790,95,0),(51272,790,85,0),(51273,790,87,0),(51274,790,88,0),(51275,790,89,0),(51276,790,90,0),(51277,790,91,0),(51278,790,83,0),(51279,790,84,0),(51286,874,250,1),(51287,874,251,0),(51288,874,279,0),(51289,874,280,0),(51312,836,352,1),(51329,838,352,1),(51340,667,77,1),(51341,667,58,0),(51342,667,75,0),(51343,667,93,0),(51344,667,72,0),(51345,667,92,2),(51378,42,269,1),(51379,42,270,0),(51380,42,271,0),(51381,42,272,0),(51403,346,75,1),(51404,346,78,0),(51405,346,79,0),(51406,346,80,0),(51407,346,81,0),(51408,346,93,0),(51409,346,99,0),(51416,944,356,1),(51505,457,14,1),(51506,783,14,1),(51524,610,14,1),(51628,535,269,1),(51629,535,151,0),(51731,416,242,1),(51732,416,239,0),(51733,416,240,0),(51734,416,241,0),(51735,416,248,0),(51745,18,273,1),(51746,18,25,0),(51747,18,238,0),(51748,18,274,0),(51749,18,250,0),(51796,494,242,1),(51797,494,239,0),(51798,494,240,0),(51799,494,241,0),(51800,494,248,0),(51801,923,273,1),(51802,923,25,0),(51803,923,97,0),(51804,923,270,0),(51821,480,239,1),(51822,480,240,0),(51823,480,241,0),(51824,480,242,0),(51825,480,248,0),(51826,827,71,1),(51827,827,74,0),(51828,827,76,0),(51829,827,101,0),(51830,827,205,0),(51831,827,218,0),(51839,188,239,1),(51840,188,240,0),(51841,188,241,0),(51842,188,242,0),(51843,188,248,0),(51856,911,74,1),(51857,911,66,0),(51858,911,67,0),(51859,911,71,0),(51860,911,205,0),(51953,256,226,1),(51954,256,352,0),(51955,256,227,0),(51956,256,228,0),(51957,256,229,0),(51958,256,230,0),(51985,385,226,1),(51986,385,352,0),(51987,385,227,0),(51988,385,228,0),(52015,187,96,1),(52016,187,25,0),(52017,187,273,0),(52018,187,274,0),(52019,187,97,0),(52020,187,98,0),(52021,187,250,0),(52025,954,67,1),(52026,954,63,0),(52027,954,65,0),(52028,954,71,0),(52029,954,101,0),(52030,954,218,0),(52088,519,226,1),(52089,519,352,0),(52090,519,227,0),(52091,519,228,0),(52092,519,229,0),(52093,519,230,0),(52094,519,10,2),(52095,519,356,2),(52126,962,205,1),(52127,962,66,0),(52128,962,71,0),(52129,962,74,0),(52130,962,218,0),(52213,173,226,1),(52214,173,352,0),(52215,173,227,0),(52216,173,228,0),(52217,173,229,0),(52218,173,230,0),(52411,935,23,1),(52412,935,221,0),(52413,935,160,0),(52414,935,24,0),(52415,935,164,0),(52416,935,166,0),(52578,424,122,1),(52579,424,117,0),(52580,424,118,0),(52581,424,119,0),(52582,424,120,0),(52583,424,121,0),(52584,424,128,0),(52585,424,129,0),(52586,424,130,0),(52587,424,131,0),(52588,424,132,0),(52589,424,133,0),(52590,424,134,0),(52591,424,135,0),(52592,424,136,0),(52593,424,137,0),(52594,424,138,0),(52595,424,139,0),(52596,424,147,0),(52597,424,148,0),(52655,291,191,1),(52656,291,190,0),(52657,291,199,0),(52658,291,208,0),(52659,291,212,0),(52660,291,219,0),(52668,474,60,1),(52669,474,61,0),(52670,474,75,0),(52671,474,93,0),(52672,474,99,0),(52673,396,126,1),(52674,396,127,0),(52675,396,143,0),(52676,396,144,0),(52677,396,145,0),(52678,396,146,0),(52679,396,236,0),(52681,513,71,1),(52825,854,171,1),(52826,854,156,0),(52827,854,172,0),(52828,854,173,0),(52829,854,368,0),(52830,854,369,0),(52831,854,174,0),(52832,854,176,0),(52833,854,186,0),(53056,639,191,1),(53057,639,190,0),(53058,639,192,0),(53059,639,193,0),(53060,639,199,0),(53061,639,202,0),(53062,639,203,0),(53063,639,204,0),(53064,639,206,0),(53065,639,208,0),(53066,639,372,0),(53067,639,373,0),(53068,639,212,0),(53259,310,112,1),(53638,594,238,1),(53639,594,151,0),(53640,594,154,0),(53641,594,155,0),(53642,594,250,0),(53643,594,251,0),(53644,594,270,0),(53645,594,279,0),(53646,594,280,0),(53647,594,281,0),(53648,594,357,0),(53649,594,284,0),(53656,122,101,1),(53657,122,63,0),(53658,122,64,0),(53659,122,65,0),(53660,122,67,0),(53661,122,71,0),(53662,122,72,0),(53663,122,76,0),(53664,122,92,0),(53665,122,218,0),(53666,122,77,2),(53716,111,174,1),(53717,111,156,0),(53718,111,172,0),(53719,111,173,0),(53720,111,171,0),(53721,111,368,0),(53722,111,369,0),(53723,111,176,0),(53724,111,370,0),(53725,111,371,0),(53726,111,179,0),(53727,111,186,0),(53744,395,66,1),(53745,395,67,0),(53746,395,74,0),(53747,395,76,0),(53748,395,92,0),(53749,395,213,0),(53750,395,218,0),(53758,269,221,1),(53759,269,192,0),(53760,269,193,0),(53761,269,199,0),(53762,269,206,0),(53763,269,208,0),(53764,269,212,0),(53765,931,254,1),(53766,931,256,0),(53767,931,257,0),(53768,931,259,0),(53769,931,260,0),(53770,931,261,0),(53771,931,262,0),(53772,931,252,0),(53773,931,253,0),(53774,931,255,0),(53775,113,254,1),(53776,113,256,0),(53777,113,257,0),(53778,113,259,0),(53779,113,260,0),(53780,113,261,0),(53781,113,262,0),(53782,113,252,0),(53783,113,253,0),(53784,113,255,0),(53785,167,254,1),(53786,167,256,0),(53787,167,257,0),(53788,167,259,0),(53789,167,260,0),(53790,167,261,0),(53791,167,262,0),(53792,167,252,0),(53793,167,253,0),(53794,167,255,0),(53795,767,254,1),(53796,767,256,0),(53797,767,257,0),(53798,767,259,0),(53799,767,260,0),(53800,767,261,0),(53801,767,262,0),(53802,767,252,0),(53803,767,253,0),(53804,767,255,0),(53869,953,186,1),(53870,953,156,0),(53871,953,172,0),(53872,953,173,0),(53873,953,171,0),(53874,953,174,0),(53875,953,176,0),(53876,953,370,0),(53877,951,171,1),(53878,951,156,0),(53879,951,172,0),(53880,951,173,0),(53881,951,186,0),(53891,744,176,1),(53892,744,156,0),(53893,744,172,0),(53894,744,173,0),(53895,744,171,0),(53896,744,368,0),(53897,744,369,0),(53898,744,174,0),(53899,744,179,0),(53900,744,186,0),(53901,744,14,0),(53995,927,170,1),(53996,926,170,1),(53997,27,170,1),(53998,158,170,1),(53999,778,169,1),(54000,848,170,1),(54001,335,170,1),(54007,967,76,1),(54008,967,63,0),(54009,967,65,0),(54010,967,101,0),(54017,126,264,1),(54023,960,72,1),(54024,960,64,0),(54025,960,65,0),(54026,960,76,0),(54027,960,92,0),(54115,299,97,1),(54116,299,115,0),(54117,299,238,0),(54118,299,273,0),(54119,299,274,0),(54120,299,96,0),(54228,242,79,1),(54229,242,78,0),(54230,242,80,0),(54231,242,81,0),(54232,242,82,0),(54259,916,99,1),(54281,649,91,1),(54282,649,85,0),(54283,649,86,0),(54284,649,87,0),(54285,649,88,0),(54286,649,89,0),(54287,649,90,0),(54288,822,88,1),(54289,822,94,0),(54290,822,95,0),(54291,822,85,0),(54292,822,86,0),(54293,822,87,0),(54294,822,90,0),(54306,826,66,1),(54307,826,74,0),(54308,826,205,0),(54309,826,214,0),(54310,826,218,0),(54416,302,171,1),(54417,302,156,0),(54418,302,172,0),(54419,302,173,0),(54420,302,369,0),(54421,302,176,0),(54422,302,179,0),(54423,302,186,0),(54460,157,63,1),(54461,157,64,0),(54462,157,65,0),(54463,157,67,0),(54464,157,76,0),(54465,157,92,0),(54466,157,101,0),(54467,157,218,0),(54537,867,65,1),(54538,867,63,0),(54539,867,64,0),(54540,867,72,0),(54541,867,92,0),(54542,867,101,0),(54543,867,216,0),(54685,895,276,1),(54686,895,151,0),(54687,895,154,0),(54688,895,25,0),(54689,895,238,0),(54690,895,47,0),(54691,895,251,0),(54692,895,280,0),(54693,895,281,0),(54694,895,282,0),(54695,895,286,0),(54696,895,287,0),(54697,895,250,2),(54757,429,204,1),(54758,429,190,0),(54759,429,192,0),(54760,429,193,0),(54761,429,199,0),(54762,429,202,0),(54763,429,203,0),(54764,429,206,0),(54765,429,208,0),(54766,429,373,0),(54767,429,212,0),(54810,604,254,1),(54811,604,256,0),(54812,604,257,0),(54813,604,259,0),(54814,604,260,0),(54815,604,261,0),(54816,604,262,0),(54817,604,252,0),(54818,604,255,0),(54846,975,55,1),(54847,975,54,0),(54848,975,56,0),(54849,975,57,0),(54850,975,58,0),(54851,975,59,0),(54852,975,358,0),(54853,975,374,0),(54854,975,70,0),(54894,894,148,1),(54895,894,117,0),(54896,894,118,0),(54897,894,119,0),(54898,894,121,0),(54899,894,122,0),(54900,894,128,0),(54901,894,129,0),(54902,894,130,0),(54903,894,131,0),(54904,894,132,0),(54905,894,133,0),(54906,894,134,0),(54907,894,135,0),(54908,894,137,0),(54948,828,199,1),(54949,828,190,0),(54950,828,191,0),(54951,828,206,0),(54952,828,192,0),(54953,828,193,0),(54954,828,202,0),(54955,828,203,0),(54956,828,204,0),(54957,828,208,0),(54958,828,372,0),(54959,828,373,0),(54960,828,212,0),(54961,828,156,0),(54962,828,352,2),(55050,952,186,1),(55051,952,172,0),(55052,952,173,0),(55053,952,171,0),(55054,952,368,0),(55055,952,369,0),(55056,952,174,0),(55057,952,164,0),(55071,115,254,1),(55072,117,254,1),(55073,117,256,0),(55074,117,257,0),(55075,117,258,0),(55076,117,259,0),(55077,117,260,0),(55078,117,261,0),(55079,117,262,0),(55080,117,252,0),(55081,117,253,0),(55082,117,255,0),(55218,802,99,1),(55219,802,60,0),(55220,802,75,0),(55221,802,77,0),(55222,802,93,0),(55223,802,194,0),(55224,802,215,0),(55229,948,194,1),(55230,948,60,0),(55231,948,75,0),(55232,948,93,0),(55233,948,99,0),(55234,948,215,0),(55235,948,233,0),(55264,998,254,1),(55265,998,256,0),(55266,998,257,0),(55267,998,259,0),(55268,998,260,0),(55269,998,261,0),(55270,998,262,0),(55271,998,252,0),(55272,998,253,0),(55273,998,255,0),(55278,971,56,1),(55279,971,54,0),(55280,971,55,0),(55281,971,57,0),(55282,971,58,0),(55283,971,59,0),(55284,971,358,0),(55285,971,374,0),(55286,971,380,0),(55287,971,381,0),(55288,971,70,0),(55289,972,56,1),(55290,972,54,0),(55291,972,55,0),(55292,972,57,0),(55293,972,58,0),(55294,972,59,0),(55295,972,358,0),(55296,972,374,0),(55297,972,380,0),(55298,972,381,0),(55299,972,70,0),(55356,977,64,1),(55357,977,63,0),(55358,977,65,0),(55359,977,76,0),(55360,977,101,0),(55509,934,273,1),(55510,934,25,0),(55511,934,96,0),(55512,934,97,0),(55513,934,98,0),(55566,925,61,1),(55567,925,60,0),(55568,925,75,0),(55569,925,93,0),(55624,929,280,1),(55625,929,273,0),(55626,929,250,0),(55627,929,251,0),(55628,929,279,0),(55635,773,274,1),(55636,773,105,0),(55637,773,115,0),(55638,773,228,0),(55639,773,97,0),(55640,773,282,0),(55641,873,273,1),(55642,873,115,0),(55643,873,25,0),(55644,873,274,0),(55645,873,97,0),(55646,873,250,0),(55647,746,274,1),(55648,746,25,0),(55649,746,250,0),(55650,746,282,0),(55663,544,279,1),(55664,544,250,0),(55665,544,251,0),(55666,544,281,0),(55667,544,282,0),(55668,544,357,0),(55669,544,284,0),(55781,762,193,1),(55782,762,190,0),(55783,762,191,0),(55784,762,192,0),(55785,762,199,0),(55786,762,202,0),(55787,762,203,0),(55788,762,204,0),(55789,762,206,0),(55790,762,208,0),(55791,762,210,0),(55792,762,372,0),(55793,762,373,0),(55794,762,212,0),(55810,1005,254,1),(55811,1005,256,2),(55812,1005,257,2),(55813,1005,260,2),(55814,1005,261,2),(55815,1005,262,2),(55816,1005,252,2),(55857,984,79,1),(55858,984,78,0),(55859,984,80,0),(55860,984,81,0),(55861,984,82,0),(55862,984,60,0),(55863,984,75,0),(55864,984,93,0),(55924,988,63,1),(55925,988,64,0),(55926,988,66,0),(55927,988,67,0),(55948,985,65,1),(55949,985,63,0),(55950,985,64,0),(55951,985,67,0),(55952,985,92,0),(55953,985,218,0),(55954,985,216,0),(56010,788,176,1),(56011,788,172,0),(56012,788,173,0),(56013,788,171,0),(56014,788,368,0),(56015,788,369,0),(56016,788,174,0),(56017,788,370,0),(56018,788,179,0),(56019,788,186,0),(56041,999,77,1),(56042,999,78,0),(56043,999,79,0),(56044,999,80,0),(56045,999,81,0),(56046,999,82,0),(56078,1009,117,1),(56079,1009,118,0),(56080,1009,119,0),(56081,1009,120,0),(56082,1009,121,0),(56083,1009,122,0),(56084,1009,128,0),(56085,1009,129,0),(56086,1009,130,0),(56087,1009,131,0),(56088,1009,132,0),(56089,1009,133,0),(56090,1009,134,0),(56091,1009,135,0),(56092,1009,136,0),(56093,1009,137,0),(56094,1009,138,0),(56095,1009,147,0),(56096,1009,148,0),(56181,818,93,1),(56182,818,60,0),(56183,818,61,0),(56184,818,62,0),(56185,818,75,0),(56186,818,77,0),(56187,327,99,1),(56188,327,60,0),(56189,327,75,0),(56190,327,93,0),(56204,580,90,1),(56205,580,94,0),(56206,580,95,0),(56207,580,85,0),(56208,580,86,0),(56209,580,87,0),(56210,580,88,0),(56211,580,91,0),(56212,994,94,1),(56213,994,95,0),(56214,994,85,0),(56215,994,87,0),(56236,401,101,1),(56237,401,63,0),(56238,401,64,0),(56239,401,65,0),(56240,401,76,0),(56262,940,273,1),(56263,940,25,0),(56264,940,274,0),(56265,940,97,0),(56266,940,251,0),(56275,331,226,1),(56296,601,280,1),(56297,601,155,0),(56298,601,250,0),(56299,601,251,0),(56300,601,279,0),(56332,936,289,1),(56333,936,250,0),(56334,936,251,0),(56335,936,288,0),(56336,968,82,1),(56337,968,78,0),(56338,968,79,0),(56339,968,80,0),(56340,968,81,0),(56341,942,81,1),(56342,942,78,0),(56343,942,79,0),(56344,942,80,0),(56345,942,82,0),(56369,1006,185,1),(56370,1006,156,0),(56371,1006,157,0),(56372,1006,173,0),(56373,1006,171,0),(56374,1006,174,0),(56375,1006,175,0),(56376,1006,383,0),(56388,869,85,1),(56389,869,87,0),(56390,869,88,0),(56391,869,90,0),(56392,869,91,0),(56393,869,83,0),(56394,869,84,0),(56406,168,254,1),(56407,168,256,0),(56408,168,257,0),(56409,168,259,0),(56410,168,260,0),(56411,168,261,0),(56412,168,262,0),(56413,168,252,0),(56414,168,253,0),(56415,168,255,0),(56417,1014,254,1),(56418,1014,256,0),(56419,1014,257,0),(56420,1014,259,0),(56421,1014,260,0),(56422,1014,261,0),(56423,1014,262,0),(56424,1014,252,0),(56425,1014,253,0),(56426,1014,255,0),(56442,653,174,1),(56443,653,156,0),(56444,653,171,0),(56445,653,368,0),(56446,653,369,0),(56447,653,176,0),(56448,653,370,0),(56449,653,179,0),(56450,653,186,0),(56451,230,84,1),(56452,230,94,0),(56453,230,87,0),(56454,230,88,0),(56455,230,89,0),(56456,230,90,0),(56457,230,83,0),(56458,230,95,2),(56468,891,251,1),(56469,891,368,0),(56470,891,369,0),(56471,891,174,0),(56472,891,250,0),(56473,891,279,0),(56474,891,280,0),(56517,440,96,1),(56518,440,238,0),(56519,440,273,0),(56520,440,274,0),(56521,440,226,0),(56522,440,97,0),(56561,179,96,1),(56562,179,25,0),(56563,179,26,0),(56564,179,273,0),(56565,179,274,0),(56566,179,267,0),(56567,179,97,0),(56568,179,250,0),(56610,330,273,1),(56611,330,25,0),(56612,330,26,0),(56613,330,274,0),(56614,330,14,0),(56615,330,97,0),(56616,330,287,0),(56626,905,88,1),(56627,905,85,0),(56628,905,86,0),(56629,905,87,0),(56630,905,89,0),(56631,905,90,0),(56632,905,91,0),(56633,905,83,0),(56650,914,166,1),(56651,914,221,0),(56652,914,160,0),(56653,914,23,0),(56654,914,24,0),(56655,914,164,0),(56656,914,167,0),(56657,914,14,0),(56696,845,94,1),(56697,845,85,0),(56698,845,87,0),(56699,845,88,0),(56700,845,90,0),(56701,845,91,0),(56716,176,227,1),(56717,176,352,0),(56718,176,226,0),(56719,176,231,0),(56720,176,238,2),(56721,176,228,2),(56722,176,229,2),(56723,176,230,2),(56724,176,267,2),(56725,957,91,1),(56726,957,94,0),(56727,957,95,0),(56728,957,85,0),(56729,957,86,0),(56730,957,90,0),(56774,969,54,1),(56775,969,55,0),(56776,969,56,0),(56777,969,70,0),(56790,955,83,1),(56791,955,87,0),(56792,955,88,0),(56793,955,90,0),(56794,955,91,0),(56795,955,84,0),(56796,955,96,0),(56797,955,97,0),(56894,467,82,1),(56895,467,78,0),(56896,467,79,0),(56897,467,80,0),(56898,467,81,0),(56899,467,86,2),(56900,467,90,2),(56901,467,91,2),(56917,1015,233,1),(56918,1015,60,0),(56919,1015,61,0),(56920,1015,234,0),(56921,1015,235,0),(56948,974,54,1),(56949,974,55,0),(56950,974,56,0),(56951,974,57,0),(56952,974,59,0),(56953,974,358,0),(56954,974,58,0),(56955,974,380,0),(56956,974,70,0),(57022,571,250,1),(57023,571,251,0),(57024,571,279,0),(57025,571,280,0),(57026,571,288,0),(57042,928,94,1),(57043,928,95,0),(57044,928,87,0),(57045,928,83,0),(57046,928,84,0),(57047,997,88,1),(57048,997,86,0),(57049,997,151,0),(57050,997,56,0),(57051,976,90,1),(57052,976,94,0),(57053,976,95,0),(57054,976,85,0),(57055,976,86,0),(57056,976,87,0),(57057,976,88,0),(57058,976,89,0),(57059,976,91,0),(57060,973,380,1),(57061,973,54,0),(57062,973,55,0),(57063,973,56,0),(57064,973,57,0),(57065,973,59,0),(57066,973,358,0),(57067,973,58,0),(57068,973,374,0),(57069,973,381,0),(57076,136,100,1),(57077,136,60,0),(57078,136,61,0),(57079,136,62,0),(57080,136,99,0),(57081,136,14,0),(57097,563,240,1),(57098,563,239,0),(57099,563,241,0),(57100,563,242,0),(57101,563,352,2),(57114,918,92,1),(57115,918,63,0),(57116,918,64,0),(57117,918,65,0),(57118,918,72,0),(57119,918,101,0),(57120,918,71,2),(57121,843,101,1),(57122,843,102,0),(57123,843,63,0),(57124,843,64,0),(57125,843,65,0),(57126,843,67,0),(57127,843,76,0),(57128,843,71,2),(57129,843,72,2),(57176,1022,245,1),(57177,1022,243,0),(57178,1022,244,0),(57179,1022,246,0),(57180,1022,247,0),(57192,870,352,1),(57193,870,226,0),(57194,870,353,0),(57195,870,355,0),(57196,870,354,0),(57197,870,356,0),(57204,448,75,1),(57205,448,60,0),(57206,448,61,0),(57207,448,62,0),(57208,448,73,0),(57209,448,93,0),(57210,448,77,2),(57220,799,226,1),(57221,799,227,0),(57222,799,228,0),(57223,799,229,0),(57224,799,238,2),(57225,907,352,1),(57226,907,148,0),(57227,907,353,0),(57228,907,355,0),(57229,907,354,0),(57230,907,356,0),(57231,807,352,1),(57232,807,353,0),(57233,807,355,0),(57234,807,354,0),(57235,807,356,0),(57236,807,282,0),(57237,807,357,0),(57238,807,284,0),(57343,989,78,1),(57344,989,79,0),(57345,989,80,0),(57346,989,81,0),(57347,989,82,0),(57348,989,233,0),(57349,989,57,0),(57350,989,59,0),(57351,989,358,0),(57374,1024,246,1),(57375,1024,247,0),(57376,904,281,1),(57377,904,151,0),(57378,904,154,0),(57379,904,273,0),(57380,904,274,0),(57381,904,45,0),(57382,904,251,0),(57383,904,269,0),(57384,904,279,0),(57385,904,280,0),(57386,904,287,0),(57387,904,288,0),(57388,950,176,1),(57389,950,156,0),(57390,950,172,0),(57391,950,173,0),(57392,950,171,0),(57393,950,368,0),(57394,950,369,0),(57395,950,174,0),(57396,950,179,0),(57418,804,203,1),(57419,804,190,0),(57420,804,191,0),(57421,804,192,0),(57422,804,199,0),(57423,804,202,0),(57424,804,204,0),(57425,804,206,0),(57426,804,208,0),(57427,804,372,0),(57428,804,373,0),(57429,804,212,0),(57430,339,190,1),(57431,339,191,0),(57432,339,192,0),(57433,339,193,0),(57434,339,199,0),(57435,339,202,0),(57436,339,203,0),(57437,339,204,0),(57438,339,208,0),(57439,339,212,0),(57440,915,164,1),(57441,915,221,0),(57442,915,160,0),(57443,915,23,0),(57444,915,24,0),(57445,915,166,0),(57446,915,167,0),(57447,34,287,1),(57448,34,263,0),(57449,34,264,0),(57450,34,279,0),(57451,34,280,0),(57452,34,281,0),(57453,34,288,0),(57454,34,151,2),(57455,978,151,1),(57456,978,250,0),(57457,978,280,0),(57458,978,287,0),(57459,152,280,1),(57460,152,151,0),(57461,152,251,0),(57462,152,279,0),(57463,152,288,0),(57477,1025,93,1),(57478,1025,99,0),(57479,1025,233,0),(57480,1025,234,0),(57505,862,241,1),(57506,862,239,0),(57507,862,240,0),(57508,862,242,0),(57509,862,248,0),(57520,943,266,1),(57521,943,352,0),(57522,899,266,1),(57523,899,352,0),(57524,877,96,1),(57525,877,25,0),(57526,877,97,0),(57533,375,60,1),(57534,375,77,0),(57535,375,99,0),(57536,375,194,0),(57537,375,234,0),(57538,375,75,2),(57539,375,93,2),(57540,970,55,1),(57541,970,352,0),(57542,970,54,0),(57543,970,56,0),(57544,970,57,0),(57545,970,59,0),(57546,970,358,0),(57547,970,58,0),(57548,970,374,0),(57549,970,380,0),(57550,970,381,0),(57561,750,97,1),(57562,750,103,0),(57563,750,25,0),(57564,750,273,0),(57565,750,274,0),(57566,750,96,0),(57567,750,279,0),(57617,58,72,1),(57618,58,63,0),(57619,58,64,0),(57620,58,65,0),(57621,58,76,0),(57622,58,92,0),(57623,58,101,0),(57624,58,71,2),(57647,892,236,1),(57648,892,63,0),(57649,892,64,0),(57650,892,65,0),(57651,892,67,0),(57652,892,126,0),(57653,892,127,0),(57654,892,145,0),(57655,892,237,0),(57656,892,146,2),(57657,892,354,2),(57658,892,356,2),(57659,795,101,1),(57660,795,102,0),(57661,795,66,0),(57662,795,71,0),(57663,795,74,0),(57664,795,205,0),(57665,795,236,0),(57666,795,237,0),(57667,795,218,2),(57668,795,354,2),(57669,795,356,2),(57670,766,102,1),(57671,766,66,0),(57672,766,67,0),(57673,766,101,0),(57674,766,14,0),(57675,766,236,0),(57676,766,237,0),(57677,766,71,2),(57678,766,74,2),(57679,766,218,2),(57680,766,354,2),(57681,766,356,2),(57702,567,101,1),(57703,567,102,0),(57704,567,63,0),(57705,567,64,0),(57706,567,65,0),(57707,567,76,0),(57708,567,236,0),(57709,567,72,2),(57710,567,92,2),(57711,567,356,2),(57719,1028,176,1),(57720,1028,156,0),(57721,1028,157,0),(57722,1028,173,0),(57723,1028,171,0),(57724,1028,174,0),(57725,1028,175,0),(57726,1028,383,0),(57733,983,75,1),(57734,983,61,0),(57743,531,25,1),(57744,531,105,0),(57745,531,26,0),(57746,531,273,0),(57747,531,274,0),(57748,531,275,0),(57749,531,288,0),(57750,531,289,0),(57766,814,228,1),(57767,814,226,0),(57768,814,229,0),(57769,814,230,0),(57770,1000,92,1),(57771,1000,63,0),(57772,1000,64,0),(57773,1000,65,0),(57774,1000,72,0),(57775,1000,76,0),(57776,1000,101,0),(57784,547,87,1),(57785,547,85,0),(57786,547,86,0),(57787,547,89,0),(57788,547,70,0),(57799,445,121,1),(57800,445,117,0),(57801,445,118,0),(57802,445,119,0),(57803,445,120,0),(57804,445,122,0),(57805,884,117,1),(57806,884,118,0),(57807,884,119,0),(57808,884,120,0),(57809,884,121,0),(57810,884,122,0),(57811,917,23,1),(57812,917,221,0),(57813,917,24,0),(57814,917,166,0),(57815,917,167,0),(57816,1013,276,1),(57817,1013,281,0),(57818,1013,263,2),(57819,1013,383,2),(57855,1002,65,1),(57856,1002,102,0),(57857,1002,63,0),(57858,1002,66,0),(57859,1002,71,0),(57860,1002,74,0),(57861,1002,101,0),(57862,1002,205,0),(57863,1002,237,0),(57864,1002,354,2),(57865,1002,356,2),(57866,991,73,1),(57867,991,61,0),(57868,991,62,0),(57869,991,77,0),(57870,991,99,0),(57871,991,14,0),(57872,991,234,0),(57873,991,60,2),(57874,991,384,2),(57875,752,251,1),(57876,752,266,0),(57877,752,250,0),(57878,752,279,0),(57879,752,280,0),(57880,752,287,0),(57891,941,94,1),(57892,941,95,0),(57893,941,85,0),(57894,941,86,0),(57895,941,87,0),(57896,941,88,0),(57897,941,89,0),(57898,941,90,0),(57899,941,91,0),(57900,941,83,0),(57901,941,84,0),(57902,941,190,0),(57903,394,61,1),(57904,394,60,0),(57905,394,62,0),(57936,1031,352,1),(57942,530,273,1),(57943,530,25,0),(57944,530,274,0),(57945,530,97,2),(57977,1027,218,1),(57978,1027,66,0),(57979,1027,67,0),(57980,1027,71,0),(57981,1027,205,0),(57982,1027,213,0),(57988,882,288,1),(57989,882,251,0),(57990,882,357,0),(57991,882,284,0),(57992,882,287,0),(58037,860,226,1),(58038,860,229,0),(58053,1016,174,1),(58054,1016,156,0),(58055,1016,172,0),(58056,1016,171,0),(58057,1016,368,0),(58058,1016,369,0),(58059,1016,186,0),(58060,1023,273,1),(58061,1023,25,0),(58062,1023,274,0),(58063,1023,275,0),(58064,1021,99,1),(58065,1021,75,0),(58066,1021,93,0),(58067,1021,60,2),(58070,1036,352,1),(58071,248,237,1),(58072,248,63,0),(58073,248,65,0),(58074,248,67,0),(58075,248,101,0),(58076,248,126,0),(58077,248,127,0),(58078,248,236,0),(58079,248,354,2),(58080,248,356,2),(58081,1037,235,1),(58099,1039,72,1),(58100,1039,63,0),(58101,1039,64,0),(58102,1039,65,0),(58103,1039,67,0),(58104,1039,92,0),(58109,1020,64,1),(58110,1020,246,0),(58111,1020,63,0),(58112,1020,65,0),(58113,1020,72,0),(58114,1020,92,0),(58121,1040,90,1),(58122,1040,85,0),(58123,1040,87,0),(58128,675,55,1),(58129,675,103,0),(58130,675,54,0),(58131,675,56,0),(58132,675,57,0),(58133,675,59,0),(58134,675,358,0),(58135,675,58,0),(58136,675,70,0),(58160,1042,101,1),(58161,1042,102,0),(58162,1042,72,0),(58163,1042,92,0),(58164,1042,126,0),(58165,1042,236,0),(58166,165,246,1),(58167,165,247,0),(58168,165,243,2),(58169,165,245,2),(58170,816,86,1),(58171,816,85,0),(58172,816,87,0),(58173,816,89,0),(58174,816,90,0),(58175,816,91,0),(58176,816,97,0),(58189,481,212,1),(58190,481,190,0),(58191,481,191,0),(58192,481,193,0),(58193,481,203,0),(58194,481,206,0),(58195,481,208,0),(58196,481,372,0),(58197,481,373,0),(58210,403,89,1),(58211,403,94,0),(58212,403,95,0),(58213,403,85,0),(58214,403,86,0),(58215,403,87,0),(58216,403,88,0),(58217,403,90,0),(58218,403,91,0),(58219,403,83,0),(58220,403,84,0),(58221,403,190,0),(58230,1018,55,1),(58231,1018,54,0),(58232,1018,56,0),(58233,1018,57,0),(58234,1018,59,0),(58235,1018,358,0),(58236,1018,58,0),(58237,1018,380,0),(58238,1018,381,0),(58239,1018,70,0),(58262,1046,405,1),(58263,1046,394,0),(58264,1046,401,0),(58265,1046,402,0),(58266,1046,403,0),(58267,1046,404,0),(58268,1046,397,0),(58269,1046,396,0),(58270,1046,395,0),(58271,1046,398,0),(58272,1046,399,0),(58307,1017,70,1),(58308,1017,54,0),(58309,1017,55,0),(58310,1017,56,0),(58311,1017,57,0),(58312,1017,59,0),(58313,1017,358,0),(58314,1017,58,0),(58315,1017,381,0),(58316,881,97,1),(58317,881,151,0),(58318,881,155,0),(58319,881,25,0),(58320,881,273,0),(58321,881,274,0),(58322,881,226,0),(58323,881,96,0),(58324,881,250,0),(58330,787,87,1),(58331,787,85,0),(58332,787,88,0),(58333,787,89,0),(58334,787,90,0),(58335,787,91,0),(58343,326,206,1),(58344,326,190,0),(58345,326,191,0),(58346,326,199,0),(58347,326,202,0),(58348,326,203,0),(58349,326,208,0),(58350,326,372,0),(58351,326,373,0),(58352,326,212,0),(58353,326,171,0),(58354,326,164,0),(58378,644,156,1),(58379,644,171,0),(58380,644,368,0),(58381,644,369,0),(58382,644,174,0),(58383,644,176,0),(58384,644,186,0),(58390,1011,101,1),(58391,1011,63,0),(58392,1011,67,0),(58393,1011,71,0),(58394,1011,76,0),(58441,1048,101,1),(58442,1048,63,0),(58443,1048,65,0),(58444,1048,71,0),(58445,1048,76,0),(58446,1048,218,0),(58452,1047,25,1),(58453,1047,273,0),(58454,1047,274,0),(58455,1047,96,0),(58456,1043,82,1),(58457,1043,55,0),(58493,668,76,1),(58494,668,63,0),(58495,668,64,0),(58496,668,65,0),(58497,668,67,0),(58498,668,72,0),(58499,668,92,0),(58500,668,101,0),(58501,668,218,0),(58502,668,216,0),(58503,668,71,2),(58504,227,81,1),(58505,227,91,0),(58506,227,78,0),(58507,227,79,0),(58508,227,80,0),(58509,227,82,0),(58533,114,279,1),(58534,114,151,0),(58535,114,176,0),(58536,114,186,0),(58537,114,251,0),(58538,964,88,1),(58539,964,86,0),(58540,964,87,0),(58541,964,90,0),(58542,964,91,0),(58553,938,93,1),(58554,938,60,0),(58555,938,61,0),(58556,938,75,0),(58557,938,99,0),(58558,10,105,1),(58559,10,238,0),(58560,10,274,0),(58561,10,226,0),(58562,10,250,0),(58563,10,282,0),(58564,992,23,1),(58565,992,221,0),(58566,992,166,2),(58567,75,174,1),(58568,75,156,0),(58569,75,172,0),(58570,75,173,0),(58571,75,171,0),(58572,75,368,0),(58573,75,369,0),(58574,75,176,0),(58575,75,186,0),(58585,1001,92,1),(58586,1001,63,0),(58587,1001,64,0),(58588,1001,65,0),(58589,1001,72,0),(58590,1001,76,0),(58591,1001,101,0),(58612,1019,54,1),(58613,1019,55,0),(58614,1019,56,0),(58615,1019,57,0),(58616,1019,59,0),(58617,1019,358,0),(58618,1019,58,0),(58619,1019,70,0),(58620,461,97,1),(58621,461,25,0),(58622,461,273,0),(58623,461,96,0),(58640,163,101,1),(58641,163,102,0),(58642,163,63,0),(58643,163,65,0),(58644,163,72,0),(58645,163,92,0),(58646,163,236,0),(58647,163,237,0),(58648,163,354,2),(58649,163,356,2),(58650,673,76,1),(58651,673,64,0),(58652,673,67,0),(58653,673,72,0),(58654,673,92,0),(58655,673,101,0),(58660,1038,356,1),(58661,1026,353,1),(58662,1026,355,0),(58663,1026,235,0),(58664,825,353,1),(58665,825,355,0),(58666,859,25,1),(58667,859,273,0),(58668,859,267,0),(58669,859,97,0),(58670,859,279,0),(58685,233,83,1),(58686,233,85,0),(58687,233,87,0),(58688,233,88,0),(58689,233,86,0),(58690,233,89,0),(58691,233,90,0),(58692,233,91,0),(58693,233,84,0),(58694,800,274,1),(58695,800,25,0),(58696,800,273,0),(58697,800,97,0),(58698,800,250,0),(58717,1044,394,1),(58718,1044,385,0),(58719,1044,410,0),(58720,1044,405,0),(58721,1044,401,0),(58722,1044,402,0),(58723,1044,400,0),(58724,1044,403,0),(58725,1044,404,0),(58744,414,186,1),(58745,414,172,0),(58746,414,173,0),(58747,414,171,0),(58748,414,369,0),(58749,414,370,0),(58750,414,371,0),(58751,414,179,0),(58752,414,14,0),(58884,392,89,1),(58885,392,85,0),(58886,392,87,0),(58887,392,88,0),(58888,392,86,0),(58889,392,90,0),(58890,392,83,0),(58891,392,368,0),(58892,392,369,0),(58893,392,174,0),(58894,1034,269,1),(58895,1034,151,0),(58896,1034,155,0),(58911,1053,76,1),(58912,1053,63,0),(58913,1053,64,0),(58914,1053,65,0),(58915,1053,72,0),(58916,1053,92,0),(58917,1053,101,0),(58918,1053,216,0),(58919,1053,217,0),(58927,745,151,1),(58928,745,155,0),(58929,745,98,0),(58930,745,250,0),(58931,745,279,0),(58932,745,280,0),(58933,1049,100,1),(58934,1049,99,0),(58935,1049,233,0),(58936,1049,234,0),(58937,1049,282,2),(58965,980,250,1),(58966,980,87,0),(58967,980,86,0),(58968,980,25,0),(58969,980,97,0),(58970,980,98,0),(58971,980,279,0),(58972,1045,395,1),(58973,1045,406,0),(58974,1045,407,0),(58975,1045,408,0),(58976,1045,401,0),(58977,1045,402,0),(58978,1045,403,0),(58979,1045,404,0),(58980,1045,397,0),(58981,1045,396,0),(58982,1045,398,0),(58983,1045,399,0),(58984,909,248,1),(58985,909,239,0),(58986,909,240,0),(58987,909,241,0),(58988,909,242,0),(59018,586,274,1),(59019,586,25,0),(59020,586,273,0),(59021,586,97,0),(59022,586,98,0),(59023,586,250,0),(59028,62,60,1),(59029,62,61,0),(59030,62,57,0),(59031,62,58,0),(59032,993,75,1),(59033,993,78,0),(59034,993,79,0),(59035,993,80,0),(59036,993,81,0),(59037,993,77,0),(59038,993,93,0),(59057,1008,166,1),(59058,1008,103,0),(59059,1008,105,0),(59060,1008,110,0),(59061,1008,115,0),(59062,1008,88,0),(59063,1008,83,0),(59064,1008,101,0),(59065,1008,176,0),(59066,1008,273,0),(59067,1008,96,0),(59068,1008,97,0),(59069,1008,351,0),(59070,1008,70,0),(59071,1008,25,2),(59082,609,155,1),(59083,609,151,0),(59084,609,154,0),(59085,609,250,0),(59086,609,251,0),(59087,609,279,0),(59088,609,280,0),(59089,609,288,0),(59100,1050,171,1),(59101,1050,156,0),(59102,1050,172,0),(59103,1050,368,0),(59104,1050,369,0),(59105,1050,174,0),(59106,1050,370,0),(59107,1050,186,0),(59130,878,174,1),(59131,878,156,0),(59132,878,172,0),(59133,878,173,0),(59134,878,171,0),(59135,878,368,0),(59136,878,369,0),(59137,878,176,0),(59138,878,370,0),(59139,878,186,0),(59140,347,251,1),(59141,347,155,0),(59142,347,281,0),(59143,347,288,0),(59144,347,289,0),(59145,1004,164,1),(59146,1004,195,0),(59147,1004,221,0),(59148,1004,183,0),(59149,1004,166,0),(59159,634,280,1),(59160,634,98,0),(59161,634,250,0),(59162,634,251,0),(59163,634,265,0),(59164,634,279,0),(59165,1030,251,1),(59166,1030,250,0),(59167,1030,279,0),(59168,1030,280,0),(59169,939,171,1),(59170,939,156,0),(59171,939,172,0),(59172,939,173,0),(59173,939,368,0),(59174,939,369,0),(59175,939,174,0),(59176,939,186,0),(59177,939,164,0),(59178,910,96,1),(59179,910,105,0),(59180,910,25,0),(59181,910,226,0),(59182,910,97,0),(59183,910,250,0),(59184,1054,90,1),(59185,1054,86,0),(59186,1054,91,0),(59208,1055,75,1),(59209,1055,73,0),(59210,465,80,1),(59211,465,85,0),(59212,465,87,0),(59213,465,90,0),(59214,465,91,0),(59215,465,78,0),(59216,465,79,0),(59217,465,81,0),(59218,465,82,0),(59219,465,88,2),(59220,465,86,2),(59221,465,83,2),(59222,465,84,2),(59240,1007,282,1),(59241,1007,220,0),(59242,1007,154,0),(59243,1007,27,0),(59244,1007,281,2),(59245,496,100,1),(59246,496,75,0),(59247,496,93,0),(59248,496,99,0),(59249,496,233,0),(59250,496,234,0),(59251,982,190,1),(59252,982,192,0),(59253,982,199,0),(59254,982,202,0),(59255,982,203,0),(59256,982,204,0),(59257,982,209,0),(59258,982,210,0),(59259,982,211,0),(59260,982,212,0),(59261,559,25,1),(59262,559,26,0),(59263,559,273,0),(59264,559,14,0),(59265,559,97,0),(59266,559,250,0),(59267,559,282,0),(59285,858,97,1),(59286,858,83,0),(59287,858,84,0),(59288,858,25,0),(59289,858,273,0),(59290,858,274,0),(59291,858,267,0),(59298,902,96,1),(59299,902,83,0),(59300,902,84,0),(59301,902,151,0),(59302,902,273,0),(59303,902,274,0),(59304,902,267,0),(59305,902,97,0),(59312,231,274,1),(59313,231,25,0),(59314,231,273,0),(59315,231,226,0),(59316,231,97,0),(59317,231,83,2),(59318,231,84,2),(59362,866,155,1),(59363,866,151,0),(59364,866,279,0),(59365,866,280,0),(59366,866,287,0),(59367,305,274,1),(59368,305,105,0),(59369,305,25,0),(59370,305,273,0),(59371,305,96,0),(59372,305,97,0),(59373,305,282,0),(59374,305,289,0),(59375,996,151,1),(59376,996,94,0),(59377,996,95,0),(59378,996,83,0),(59379,996,84,0),(59380,996,155,0),(59381,996,279,0),(59401,990,25,1),(59402,990,88,0),(59403,990,186,0),(59404,990,238,0),(59405,990,273,0),(59406,990,274,0),(59448,963,38,1),(59449,963,27,0),(59450,963,31,0),(59451,963,35,0),(59452,963,263,0),(59453,963,226,0),(59454,963,270,0),(59455,963,271,0),(59456,963,272,0),(59457,963,284,0),(59466,1035,279,1),(59467,1035,251,0),(59468,1035,280,0),(59469,1035,281,0),(59470,1035,282,0),(59471,945,160,1),(59472,945,221,0),(59473,945,183,0),(59474,945,23,0),(59475,945,24,0),(59476,945,411,0),(59477,945,164,0),(59478,945,166,0),(59479,945,14,0),(59484,1012,279,1),(59485,1012,250,0),(59486,1012,251,0),(59487,1012,280,0),(59488,1012,282,0),(59489,1012,288,0),(59490,1012,289,0),(59500,900,279,1),(59501,900,88,0),(59502,900,151,0),(59503,900,154,0),(59504,900,98,0),(59505,900,250,0),(59506,900,280,0),(59507,900,288,0),(59508,871,85,1),(59509,871,88,0),(59510,871,89,0),(59511,871,90,0),(59524,204,25,1),(59525,204,103,0),(59526,204,96,0),(59527,204,97,0),(59528,556,274,1),(59529,556,25,0),(59530,556,273,0),(59531,556,267,0),(59532,556,97,0),(59533,556,279,0),(59534,556,94,2),(59535,556,95,2),(59536,1052,90,1),(59537,1052,87,0),(59538,1052,86,0),(59539,1052,83,0),(59540,1052,84,0),(59541,995,274,1),(59542,995,190,0),(59543,995,199,0),(59544,995,273,0),(59545,995,96,0),(59546,995,97,0),(59547,995,279,0),(59548,995,280,0),(59549,995,281,0),(59560,901,269,1),(59561,901,151,0),(59562,901,152,0),(59563,901,154,0),(59564,901,155,0),(59565,901,226,0),(59566,901,251,0),(59567,901,270,0),(59568,901,271,0),(59569,868,274,1),(59570,868,115,0),(59571,868,25,0),(59572,868,97,0),(59573,868,281,0),(59574,868,94,2),(59575,868,95,2),(59576,880,203,1),(59577,880,190,0),(59578,880,191,0),(59579,880,192,0),(59580,880,199,0),(59581,880,202,0),(59582,880,204,0),(59583,880,206,0),(59584,880,208,0),(59585,880,209,0),(59586,880,210,0),(59587,880,211,0),(59588,880,212,0),(59589,880,156,0),(59590,880,171,0),(59591,880,368,0),(59592,880,369,0),(59593,880,174,0),(59594,840,90,1),(59595,840,94,0),(59596,840,95,0),(59597,840,87,0),(59598,840,89,0),(59599,840,83,0),(59600,840,352,0),(59601,1041,287,1),(59602,1041,226,0),(59603,1041,251,0),(59604,1041,279,0),(59605,1041,280,0),(59606,1041,281,2),(59607,817,97,1),(59608,817,94,0),(59609,817,95,0),(59610,817,25,0),(59611,817,273,0),(59612,817,274,0),(59613,817,267,0),(59614,981,97,1),(59615,981,86,0),(59616,981,89,0),(59617,981,186,0),(59618,981,25,0),(59619,981,274,0),(59620,981,227,0),(59621,981,96,0),(59622,842,251,1),(59623,842,250,0),(59624,842,279,0),(59625,842,280,0),(59626,842,281,0),(59627,729,273,1),(59628,729,115,0),(59629,729,25,0),(59630,729,238,0),(59631,729,96,0),(59632,729,97,0),(59633,729,56,0),(59634,987,251,1),(59635,987,151,0),(59636,987,154,0),(59637,987,171,0),(59638,987,250,0),(59639,987,279,0),(59640,987,280,0),(59641,810,151,1),(59642,810,105,0),(59643,810,115,0),(59644,810,86,0),(59645,810,152,0),(59646,810,153,0),(59647,810,155,0),(59648,810,25,0),(59649,810,26,0),(59650,810,273,0),(59651,810,274,0),(59652,986,151,1),(59653,986,155,0),(59654,986,96,0),(59655,986,97,0),(59656,986,279,0),(59657,986,280,0),(59658,986,282,0),(59659,1003,25,1),(59660,1003,105,0),(59661,1003,273,0),(59662,1003,96,0),(59663,1003,97,0),(59664,1003,250,0),(59665,381,273,1),(59666,381,115,0),(59667,381,151,0),(59668,381,154,0),(59669,381,155,0),(59670,381,25,0),(59671,381,274,0),(59672,381,267,0),(59673,381,96,0),(59674,381,97,0),(59675,381,250,0),(59676,1051,269,1),(59677,1051,151,0),(59678,1051,155,0),(59679,958,281,1),(59680,958,96,0),(59681,958,54,0),(59682,958,250,0),(59683,958,279,0),(59684,958,280,0),(59685,811,96,1),(59686,811,86,0),(59687,811,97,0),(59688,1032,251,1),(59689,1032,250,0),(59690,1032,279,0),(59691,32,25,1),(59692,32,115,0),(59693,32,273,0),(59694,32,274,0),(59695,32,96,0),(59696,32,97,0),(59697,851,151,1),(59698,851,152,0),(59699,851,155,0),(59700,851,55,0),(59701,851,250,0),(59702,851,251,0),(59703,861,251,1),(59704,861,274,0),(59705,861,250,0),(59706,742,274,1),(59707,742,25,0),(59708,742,273,0),(59709,742,267,0),(59710,774,96,1),(59711,774,25,0),(59712,774,97,0),(59713,774,56,0),(59714,197,96,1),(59715,197,103,0),(59716,197,25,0),(59717,197,98,0),(59718,197,97,0),(59719,961,76,1),(59720,961,63,0),(59721,961,65,0),(59722,961,72,0),(59723,961,92,0),(59724,961,216,0),(59725,1029,95,1),(59726,1029,94,0),(59727,1029,85,0),(59728,1029,86,0),(59729,1029,90,0),(59730,599,288,1),(59731,599,151,0),(59732,599,154,0),(59733,599,238,0),(59734,599,280,0),(59735,599,282,0),(59736,599,287,0),(59737,765,280,1),(59738,765,94,0),(59739,765,95,0),(59740,765,25,0),(59741,765,96,0),(59742,765,97,0),(59743,765,250,0),(59744,765,251,0),(59745,765,279,0),(59762,1010,251,1),(59763,1010,151,0),(59764,1010,250,0),(59765,1010,279,0),(59766,1010,280,0),(59767,1010,281,0),(59768,855,279,1),(59769,855,94,0),(59770,855,250,0),(59771,855,280,0),(59772,855,281,0),(59773,485,90,1),(59774,485,87,0),(59775,485,86,0),(59776,485,91,0),(59777,485,83,0),(59778,485,84,0),(59779,485,352,0),(59788,937,25,1),(59789,937,115,0),(59790,937,89,0),(59791,937,90,0),(59792,937,273,0),(59793,937,97,0),(59794,235,193,1),(59795,235,190,0),(59796,235,191,0),(59797,235,192,0),(59798,235,199,0),(59799,235,202,0),(59800,235,203,0),(59801,235,204,0),(59802,235,206,0),(59803,235,208,0),(59804,235,372,0),(59805,235,373,0),(59806,235,212,0),(59807,235,220,0),(59808,235,226,0),(59809,235,227,0),(59810,1033,279,1),(59811,1033,98,0),(59812,1033,381,0),(59813,1033,251,0),(59814,1033,280,0),(59815,1033,281,0);
/*!40000 ALTER TABLE `sijainenosasto` ENABLE KEYS */;
UNLOCK TABLES;

--
-- Table structure for table `sijainentoimialue`
--

DROP TABLE IF EXISTS `sijainentoimialue`;
/*!40101 SET @saved_cs_client     = @@character_set_client */;
/*!40101 SET character_set_client = utf8 */;
CREATE TABLE `sijainentoimialue` (
  `id` int(11) NOT NULL AUTO_INCREMENT,
  `sijainen_id` int(11) NOT NULL,
  `toimialue_id` int(11) NOT NULL,
  PRIMARY KEY (`id`),
  KEY `sijainen_id` (`sijainen_id`),
  KEY `toimialue_id` (`toimialue_id`)
) ENGINE=InnoDB AUTO_INCREMENT=23151 DEFAULT CHARSET=latin1;
/*!40101 SET character_set_client = @saved_cs_client */;

--
-- Dumping data for table `sijainentoimialue`
--

LOCK TABLES `sijainentoimialue` WRITE;
/*!40000 ALTER TABLE `sijainentoimialue` DISABLE KEYS */;
INSERT INTO `sijainentoimialue` VALUES (36,83,5),(38,90,6),(39,91,2),(40,100,4),(41,101,6),(44,95,6),(49,7,5),(51,104,6),(52,125,6),(53,140,6),(54,49,6),(57,120,6),(59,4,4),(60,2,4),(61,86,5),(63,116,6),(67,159,6),(79,139,6),(83,70,6),(84,12,6),(87,38,6),(90,5,4),(97,6,4),(101,146,4),(114,154,6),(121,109,6),(137,129,5),(138,15,6),(143,130,6),(149,124,4),(157,44,6),(161,88,4),(165,16,6),(168,29,6),(176,85,6),(188,92,4),(189,155,6),(201,141,7),(482,65,8),(597,211,19),(633,239,20),(634,234,3),(738,43,6),(812,250,16),(813,250,23),(1146,296,5),(1210,297,13),(1242,208,5),(1243,166,4),(1244,166,5),(1246,246,4),(1247,246,5),(1248,246,14),(1403,286,5),(1538,200,8),(1587,228,3),(1643,119,7),(1759,280,6),(1762,97,4),(1763,97,6),(1764,33,4),(1765,33,6),(1766,128,6),(1769,61,7),(1799,215,21),(1800,215,23),(1833,253,23),(1852,180,13),(1853,181,13),(1863,201,13),(1864,201,15),(1999,28,4),(2000,28,6),(2006,170,4),(2007,170,6),(2008,170,7),(2009,147,6),(2017,74,4),(2018,74,6),(2024,24,6),(2026,134,4),(2027,134,6),(2056,277,19),(2122,354,8),(2123,333,8),(2212,304,13),(2269,278,8),(2337,213,3),(2338,213,19),(2447,268,13),(2448,268,15),(2460,323,4),(2461,323,6),(2462,323,7),(2466,198,4),(2467,198,6),(2472,69,4),(2473,69,6),(2474,69,7),(2502,361,13),(2505,298,13),(2506,298,7),(2525,352,5),(2527,138,5),(2529,276,5),(2530,276,4),(2531,276,14),(2569,370,8),(2570,370,27),(2613,378,8),(2614,357,8),(2615,357,28),(2618,360,4),(2619,360,14),(2620,360,7),(2716,397,13),(2777,13,7),(2784,143,2),(2785,143,7),(2786,106,2),(2787,106,7),(2791,363,7),(2880,405,27),(2881,405,8),(2961,332,33),(2965,190,33),(2966,190,10),(2967,190,8),(2976,288,33),(2980,318,33),(2981,318,27),(3026,400,33),(3027,400,32),(3028,400,8),(3029,400,28),(3051,245,5),(3052,410,5),(3079,413,21),(3080,413,5),(3089,232,3),(3090,232,19),(3239,343,7),(3350,421,33),(3398,428,3),(3410,406,7),(3411,406,6),(3521,417,5),(3522,365,5),(3525,371,5),(3526,371,14),(3527,371,4),(3528,292,21),(3529,292,23),(3530,292,16),(3617,300,12),(3624,329,13),(3626,317,13),(3891,444,30),(3892,444,3),(3893,444,19),(3896,451,3),(3954,384,13),(4063,182,13),(4163,210,1),(4176,322,4),(4177,322,6),(4178,322,7),(4229,453,5),(4230,464,5),(4231,478,5),(4234,36,6),(4261,466,3),(4279,449,4),(4280,449,14),(4320,447,15),(4321,447,13),(4398,21,7),(4399,21,6),(4400,20,7),(4401,450,7),(4402,450,6),(4452,415,7),(4453,415,6),(4457,438,7),(4476,492,14),(4477,492,5),(4478,492,4),(4539,443,7),(4540,443,6),(4567,151,7),(4568,151,4),(4569,151,6),(4724,515,3),(4757,509,3),(4842,510,13),(4843,500,7),(4854,432,7),(4855,432,6),(4859,495,13),(4860,84,7),(4861,84,6),(4909,484,7),(4910,484,4),(4911,484,6),(4918,156,7),(4919,156,4),(4920,156,6),(4924,483,7),(4925,483,4),(4926,483,6),(4944,160,18),(4947,337,18),(4948,336,18),(4950,389,18),(4951,477,18),(4952,390,18),(4953,491,18),(4955,514,5),(4956,518,35),(4957,3,4),(4958,47,14),(4959,47,4),(4960,131,14),(4961,131,4),(4962,442,14),(4963,442,4),(4964,488,14),(4965,488,4),(5006,506,19),(5007,506,3),(5064,526,30),(5147,523,7),(5177,399,14),(5178,399,4),(5184,446,30),(5185,446,3),(5195,207,18),(5212,542,3),(5321,437,7),(5322,437,6),(5323,183,13),(5324,184,13),(5585,243,19),(5614,324,7),(5615,324,4),(5616,324,6),(5819,522,14),(5820,522,4),(5977,502,7),(5978,502,6),(5979,502,13),(5990,552,5),(6192,493,12),(6193,554,7),(6194,554,13),(6199,511,19),(6200,511,3),(6203,557,19),(6204,557,3),(6244,153,7),(6245,153,4),(6246,153,6),(6295,539,7),(6296,539,4),(6297,539,6),(6298,486,7),(6299,486,4),(6300,486,6),(6378,259,7),(6379,259,13),(6775,439,6),(6887,479,7),(6888,479,6),(6889,479,13),(6947,572,14),(6948,572,4),(7155,150,9),(7156,150,7),(7157,150,4),(7158,150,6),(7176,41,4),(7177,41,6),(7384,475,30),(7385,475,3),(7558,560,7),(7559,560,6),(7560,560,13),(7648,536,24),(7649,536,15),(7650,536,6),(7663,566,24),(7664,566,15),(7832,620,16),(7848,369,6),(7849,369,13),(7920,540,7),(7921,540,13),(7926,455,7),(7927,455,13),(7943,575,16),(7948,589,3),(7949,579,30),(7950,579,16),(8197,501,7),(8198,501,6),(8199,501,13),(8200,497,7),(8201,497,6),(8202,497,13),(8226,549,7),(8227,549,4),(8228,549,6),(8282,551,7),(8283,551,15),(8284,551,6),(8285,551,13),(8348,344,6),(8349,548,7),(8350,548,13),(8351,606,7),(8352,606,6),(8353,606,13),(8360,605,7),(8361,605,6),(8362,605,13),(8385,627,21),(8386,627,16),(8387,482,3),(8388,482,19),(8391,631,3),(8655,76,6),(8660,402,4),(8661,402,6),(8662,402,7),(8663,267,6),(8664,568,6),(8692,553,3),(8693,553,19),(8694,647,3),(8771,499,6),(8772,499,13),(8773,499,7),(8774,77,6),(8775,77,13),(8776,77,7),(8779,53,3),(8780,53,20),(8781,614,18),(8875,630,15),(8876,630,6),(8877,630,13),(8896,487,4),(8897,487,14),(9062,617,3),(9063,617,30),(9119,555,6),(9120,555,13),(9121,555,7),(9124,407,6),(9125,407,13),(9126,407,7),(9127,637,15),(9128,637,5),(9129,637,24),(9151,588,4),(9152,588,14),(9463,663,3),(9577,654,3),(9603,543,21),(9865,719,40),(9868,715,40),(9871,717,40),(9872,718,40),(9873,706,40),(9874,704,40),(9875,708,40),(9876,709,40),(9877,710,40),(9879,705,40),(9880,711,40),(9881,702,40),(9883,712,40),(9884,707,40),(9901,689,40),(9910,723,40),(9956,725,40),(10330,741,38),(10345,660,4),(10346,660,14),(10378,665,21),(10407,700,40),(10413,651,40),(10415,696,40),(10418,738,40),(10420,714,40),(10421,716,40),(10424,699,40),(10430,726,40),(10431,713,40),(10518,562,15),(10519,562,7),(10520,562,6),(10614,94,4),(10615,94,7),(10616,94,6),(10617,30,4),(10618,30,7),(10619,30,6),(10620,30,13),(10626,641,6),(10664,645,6),(10665,645,13),(10811,454,30),(10812,454,3),(10903,754,7),(10904,754,13),(10905,747,7),(10906,747,13),(10925,759,23),(11376,684,40),(11377,685,40),(11378,701,40),(11379,693,40),(11380,749,40),(11381,732,40),(11382,690,40),(11384,735,40),(11386,657,4),(11387,657,7),(11388,657,6),(11389,683,40),(11391,734,40),(11393,682,40),(11398,731,40),(11399,694,40),(11400,727,40),(11401,695,40),(11402,730,40),(11403,748,40),(11404,691,40),(11622,733,30),(11623,733,3),(11624,733,21),(11628,763,5),(11647,761,7),(11648,761,13),(11670,573,3),(11778,626,4),(11779,626,14),(11784,658,15),(11785,658,6),(11786,658,13),(12040,590,4),(12041,590,7),(12042,590,6),(12043,590,13),(12045,303,4),(12046,303,7),(12047,303,6),(12054,583,4),(12055,583,6),(12059,600,4),(12060,600,7),(12061,600,6),(12821,697,13),(12999,789,3),(13030,19,7),(13087,613,8),(13112,313,19),(13113,313,3),(13114,313,20),(13156,619,20),(13157,619,25),(13163,623,19),(13164,623,3),(13165,355,7),(13166,355,6),(13167,355,13),(13177,608,35),(13180,205,5),(13185,558,5),(13186,489,5),(13189,426,35),(13192,628,4),(13193,628,14),(13199,612,5),(13201,621,5),(13203,311,5),(13204,311,4),(13306,780,19),(13307,780,13),(13311,638,4),(13312,638,14),(13313,597,4),(13314,597,14),(13315,133,4),(13316,133,14),(13327,782,3),(13328,782,25),(13346,760,18),(13348,625,18),(13565,794,37),(13566,794,3),(13567,794,19),(13578,412,42),(13680,764,5),(13735,135,4),(13736,135,7),(13737,135,6),(13738,806,6),(13739,582,4),(13740,582,7),(13741,582,6),(13933,441,7),(13934,441,13),(14073,676,15),(14074,676,11),(14436,118,4),(14437,118,7),(14438,118,6),(14439,123,4),(14440,123,7),(14441,123,6),(14552,803,5),(14554,797,5),(14624,87,42),(14625,87,7),(14626,87,6),(14627,87,13),(14636,574,21),(14637,574,23),(14638,574,16),(14643,823,3),(14644,756,21),(14645,756,23),(14646,756,16),(14740,808,40),(14741,808,1),(14751,648,3),(14752,648,19),(14988,564,7),(14989,564,6),(14990,564,13),(15012,618,3),(15023,72,4),(15024,72,14),(15102,798,42),(15103,798,7),(15104,798,13),(15105,820,42),(15106,820,7),(15107,820,6),(15201,801,37),(15202,801,3),(15203,801,20),(15204,801,25),(15322,633,42),(15323,633,14),(15370,769,42),(15371,769,5),(15372,821,5),(15376,593,3),(15377,593,19),(15393,839,42),(15438,520,3),(15439,520,42),(15440,520,7),(15451,132,4),(15452,132,6),(15456,777,42),(15457,777,7),(15458,777,6),(15632,521,4),(15633,521,14),(15828,561,5),(15829,561,4),(15830,561,14),(15889,25,7),(15890,25,6),(15891,25,13),(15912,792,42),(15913,792,5),(15978,149,42),(15979,149,4),(15980,149,7),(15981,149,6),(15982,672,42),(15983,672,4),(15984,672,7),(15985,672,6),(15986,805,6),(16162,661,21),(16163,661,42),(16166,779,3),(16167,779,20),(16168,576,3),(16169,576,19),(16172,743,42),(16173,743,7),(16174,743,6),(16175,743,13),(16176,655,42),(16177,655,7),(16178,655,6),(16179,655,13),(16180,829,4),(16181,829,7),(16182,829,13),(16183,856,15),(16184,856,6),(16185,856,13),(16186,786,42),(16187,786,7),(16188,786,11),(16303,602,40),(16404,260,9),(16405,260,7),(16406,260,6),(16407,671,42),(16408,671,4),(16409,671,7),(16410,671,6),(16496,674,42),(16497,674,14),(16764,815,40),(16765,815,42),(16766,815,6),(16770,833,42),(16815,603,15),(16816,603,42),(16817,603,7),(16818,603,6),(16819,603,13),(16891,753,42),(16892,753,4),(16893,753,7),(16894,753,6),(17059,857,4),(17060,857,6),(17084,587,9),(17085,587,7),(17086,587,6),(17093,863,3),(17094,863,19),(17095,863,7),(17096,830,3),(17097,830,42),(17098,830,13),(17099,832,3),(17100,348,7),(17101,348,6),(17102,852,20),(17103,852,25),(17104,852,42),(17141,622,4),(17142,622,14),(17182,876,4),(17183,876,14),(17296,889,3),(17375,785,15),(17376,785,42),(17403,846,7),(17404,846,6),(17405,846,13),(17421,835,42),(17422,636,42),(17423,636,35),(17424,636,4),(17425,636,7),(17519,225,3),(17520,225,20),(17521,225,19),(17527,643,42),(17528,643,4),(17529,643,7),(17530,643,6),(17591,349,4),(17592,349,7),(17593,349,6),(17594,664,42),(17595,664,4),(17596,664,6),(17597,888,40),(17598,888,42),(17599,888,4),(17600,888,6),(17687,550,42),(17688,550,5),(17689,550,4),(17690,550,14),(17691,865,42),(17692,865,5),(17693,865,4),(17694,865,14),(17699,320,42),(17700,320,5),(17705,338,5),(17706,338,4),(17707,875,42),(17708,875,5),(17825,8,39),(17827,67,39),(17844,896,42),(17891,819,4),(17892,819,6),(17893,841,42),(17894,841,4),(17895,841,6),(17896,456,42),(17897,456,7),(17898,456,6),(17899,48,1),(17900,48,42),(17901,48,7),(17902,48,6),(17925,887,18),(17926,887,42),(17927,887,4),(17928,887,6),(17929,652,42),(17930,652,6),(17931,890,42),(17932,834,42),(17933,834,38),(18070,913,3),(18071,913,7),(18265,460,42),(18266,460,7),(18267,460,6),(18268,460,13),(18269,776,42),(18270,776,7),(18271,776,13),(18272,144,42),(18273,144,7),(18274,144,6),(18275,144,13),(18304,659,6),(18308,1,6),(18309,642,6),(18310,37,6),(18316,420,42),(18420,906,5),(18494,883,15),(18495,883,3),(18496,883,21),(18500,850,21),(18501,850,23),(18502,850,16),(18586,9,42),(18587,9,7),(18588,9,6),(18589,9,13),(18730,837,3),(18731,837,42),(18732,837,13),(18758,739,7),(18759,739,6),(18760,739,13),(18821,924,51),(18822,924,3),(18823,920,51),(18824,920,3),(18825,920,19),(18826,740,3),(18827,740,19),(18828,740,42),(18934,919,6),(18935,768,4),(18936,768,6),(18937,458,4),(18938,458,7),(18939,458,6),(18940,849,6),(18984,956,5),(18985,366,42),(18986,366,4),(18987,366,14),(18993,908,7),(18994,908,13),(19041,886,3),(19042,886,20),(19043,886,25),(19063,959,39),(19064,959,40),(19065,959,18),(19078,199,5),(19079,199,4),(19160,169,8),(19241,771,13),(19244,379,15),(19245,379,21),(19246,379,23),(19329,175,1),(19330,175,42),(19331,175,7),(19332,175,6),(19333,148,1),(19334,148,42),(19496,17,7),(19497,17,6),(19557,793,37),(19558,793,51),(19559,793,3),(19560,793,19),(19744,898,26),(19750,932,26),(19751,932,27),(19752,932,28),(19843,40,9),(19844,40,32),(19845,40,31),(19846,258,31),(19854,391,9),(19855,391,31),(19859,470,19),(19860,470,3),(19861,470,17),(19862,470,16),(19863,470,15),(19876,966,4),(19877,966,9),(19878,966,31),(19879,60,20),(19880,60,6),(19881,60,11),(19882,60,27),(19886,212,17),(19887,212,16),(19888,212,15),(19912,930,17),(19913,930,16),(19914,930,15),(19943,912,20),(19944,912,11),(19945,912,27),(19948,947,26),(19953,78,11),(19954,66,11),(19973,790,17),(19974,790,16),(19975,790,15),(19978,874,31),(19988,836,26),(19993,838,26),(19997,667,10),(19998,667,11),(19999,667,12),(20012,42,31),(20022,346,13),(20023,346,11),(20027,944,28),(20061,457,5),(20062,783,5),(20070,610,5),(20122,535,9),(20123,535,31),(20160,416,29),(20164,18,32),(20165,18,31),(20181,494,29),(20182,923,32),(20183,923,18),(20184,923,31),(20190,480,29),(20191,827,12),(20192,827,25),(20198,188,29),(20203,911,12),(20204,911,25),(20240,256,26),(20249,385,26),(20262,187,32),(20263,187,18),(20264,187,31),(20267,954,12),(20268,954,25),(20292,519,6),(20293,519,26),(20294,519,28),(20310,962,12),(20311,962,25),(20350,173,26),(20432,935,4),(20433,935,24),(20434,935,9),(20435,935,22),(20457,424,21),(20473,291,24),(20477,474,11),(20478,474,27),(20479,396,1),(20480,396,21),(20481,396,28),(20482,396,35),(20486,513,6),(20487,513,13),(20519,854,4),(20520,854,9),(20521,854,23),(20571,639,24),(20599,310,5),(20750,594,9),(20751,594,32),(20752,594,26),(20753,594,36),(20754,594,31),(20756,122,11),(20757,122,12),(20758,122,25),(20772,111,4),(20773,111,9),(20774,111,23),(20782,395,12),(20783,395,25),(20790,269,24),(20791,269,5),(20792,269,26),(20793,269,27),(20794,269,28),(20795,269,34),(20796,931,33),(20797,113,33),(20798,167,33),(20799,767,33),(20822,953,9),(20823,953,23),(20824,951,4),(20825,951,9),(20826,951,23),(20829,744,9),(20830,744,23),(20831,744,5),(20864,927,18),(20865,926,18),(20866,27,18),(20867,158,6),(20868,158,18),(20869,778,18),(20870,848,18),(20871,335,18),(20874,967,12),(20883,126,32),(20887,960,12),(20910,299,20),(20911,299,32),(20912,299,18),(20913,299,31),(20935,242,13),(20936,242,14),(20951,916,11),(20960,649,16),(20961,649,15),(20962,822,17),(20963,822,16),(20968,826,12),(20969,826,25),(21012,302,4),(21013,302,9),(21014,302,23),(21028,157,12),(21029,157,25),(21059,867,12),(21060,867,25),(21124,895,9),(21125,895,32),(21126,895,5),(21127,895,36),(21128,895,31),(21144,429,24),(21158,604,33),(21169,975,34),(21183,894,21),(21192,828,24),(21193,828,9),(21194,828,26),(21224,952,4),(21225,952,9),(21226,952,23),(21227,952,22),(21238,115,33),(21239,117,33),(21293,802,11),(21294,802,25),(21296,948,10),(21297,948,11),(21298,948,25),(21299,948,27),(21307,998,33),(21309,971,34),(21310,972,34),(21332,977,12),(21384,934,32),(21385,934,18),(21399,925,11),(21426,929,32),(21427,929,31),(21432,773,20),(21433,773,32),(21434,773,26),(21435,773,18),(21436,773,31),(21437,873,20),(21438,873,16),(21439,873,32),(21440,873,18),(21441,873,31),(21442,746,32),(21443,746,31),(21449,544,31),(21492,762,24),(21502,1005,33),(21523,984,13),(21524,984,14),(21525,984,11),(21554,988,12),(21561,985,12),(21562,985,25),(21588,788,4),(21589,788,9),(21590,788,23),(21603,999,13),(21604,999,14),(21605,999,11),(21615,1009,21),(21643,818,11),(21644,327,11),(21648,580,17),(21649,580,16),(21650,994,17),(21651,994,16),(21659,401,12),(21668,940,32),(21669,940,18),(21670,940,31),(21676,331,6),(21677,331,26),(21687,601,9),(21688,601,31),(21697,936,31),(21698,968,13),(21699,968,14),(21700,942,13),(21701,942,14),(21715,1006,9),(21716,1006,23),(21717,1006,36),(21718,1006,31),(21726,869,16),(21727,869,15),(21731,168,33),(21733,1014,33),(21740,653,9),(21741,653,23),(21742,230,17),(21743,230,16),(21744,230,15),(21749,891,23),(21750,891,31),(21765,440,32),(21766,440,26),(21767,440,18),(21791,179,32),(21792,179,18),(21793,179,31),(21812,330,32),(21813,330,5),(21814,330,18),(21815,330,31),(21820,905,16),(21821,905,15),(21826,914,24),(21827,914,9),(21828,914,22),(21829,914,5),(21854,845,17),(21855,845,16),(21856,845,15),(21862,176,32),(21863,176,26),(21864,176,34),(21865,957,17),(21866,957,16),(21878,969,34),(21881,955,16),(21882,955,15),(21883,955,18),(21932,467,16),(21933,467,13),(21934,467,14),(21941,1015,10),(21942,1015,11),(21943,1015,27),(21951,974,34),(21972,571,9),(21973,571,31),(21983,928,17),(21984,928,16),(21985,928,15),(21986,997,16),(21987,997,9),(21988,997,34),(21989,976,17),(21990,976,16),(21991,973,34),(21995,136,20),(21996,136,6),(21997,136,11),(21998,136,1),(21999,136,5),(22005,563,29),(22006,563,26),(22011,918,12),(22012,843,20),(22013,843,12),(22036,1022,30),(22037,1022,10),(22038,1022,11),(22040,870,26),(22041,870,27),(22042,870,28),(22049,448,11),(22051,799,32),(22052,799,26),(22053,907,21),(22054,907,26),(22055,907,27),(22056,907,28),(22057,807,26),(22058,807,27),(22059,807,28),(22060,807,31),(22101,989,13),(22102,989,14),(22103,989,11),(22104,989,27),(22105,989,34),(22118,1024,30),(22119,904,9),(22120,904,32),(22121,904,5),(22122,904,27),(22123,904,36),(22124,904,31),(22125,950,4),(22126,950,9),(22127,950,23),(22146,804,24),(22147,339,24),(22148,915,4),(22149,915,24),(22150,915,9),(22151,915,22),(22152,34,9),(22153,34,32),(22154,34,31),(22155,978,9),(22156,978,31),(22157,152,9),(22158,152,31),(22165,1025,11),(22166,1025,27),(22175,862,29),(22179,943,26),(22180,943,27),(22181,943,28),(22182,899,26),(22183,877,32),(22184,877,18),(22188,375,11),(22189,375,25),(22190,375,27),(22191,970,26),(22192,970,34),(22198,750,20),(22199,750,32),(22200,750,18),(22201,750,31),(22224,58,12),(22233,892,12),(22234,892,21),(22235,892,28),(22236,795,20),(22237,795,12),(22238,795,25),(22239,795,28),(22240,766,20),(22241,766,12),(22242,766,25),(22243,766,5),(22244,766,28),(22252,567,20),(22253,567,12),(22254,567,28),(22257,1028,9),(22258,1028,23),(22259,1028,36),(22261,983,11),(22268,531,20),(22269,531,32),(22270,531,31),(22280,814,26),(22281,1000,12),(22286,547,16),(22287,547,15),(22288,547,34),(22292,445,21),(22293,884,21),(22294,917,24),(22295,917,22),(22296,1013,32),(22297,1013,36),(22298,1013,31),(22309,1002,20),(22310,1002,12),(22311,1002,25),(22312,1002,28),(22313,991,11),(22314,991,5),(22315,991,27),(22316,752,31),(22321,941,17),(22322,941,16),(22323,941,15),(22324,941,24),(22325,394,11),(22326,394,25),(22337,1031,26),(22341,530,32),(22342,530,18),(22359,1027,12),(22360,1027,25),(22364,882,31),(22381,860,26),(22388,1016,9),(22389,1016,23),(22390,1023,32),(22391,1023,18),(22392,1021,11),(22396,1036,26),(22397,248,12),(22398,248,21),(22399,248,28),(22400,1037,27),(22417,1039,12),(22422,1020,30),(22423,1020,12),(22430,1040,16),(22432,675,20),(22433,675,34),(22442,1042,20),(22443,1042,12),(22444,1042,21),(22445,1042,28),(22446,165,30),(22447,816,16),(22448,816,18),(22459,481,24),(22465,403,17),(22466,403,16),(22467,403,15),(22468,403,24),(22470,1018,34),(22475,1046,37),(22487,1017,34),(22488,881,9),(22489,881,32),(22490,881,26),(22491,881,18),(22492,881,31),(22495,787,16),(22496,787,26),(22501,326,24),(22502,326,23),(22503,326,22),(22516,644,9),(22517,644,23),(22519,1011,12),(22541,1048,12),(22542,1048,25),(22545,1047,32),(22546,1047,18),(22547,1043,14),(22548,1043,34),(22560,668,12),(22561,668,25),(22562,227,10),(22563,227,16),(22564,227,13),(22565,227,14),(22566,227,11),(22577,114,4),(22578,114,9),(22579,114,23),(22580,114,5),(22581,114,31),(22582,964,16),(22586,938,11),(22587,10,20),(22588,10,32),(22589,10,26),(22590,10,31),(22591,992,24),(22592,992,22),(22593,75,9),(22594,75,23),(22596,1001,12),(22607,1019,34),(22608,461,32),(22609,461,18),(22615,163,20),(22616,163,12),(22617,163,28),(22618,673,12),(22622,1038,28),(22623,1026,27),(22624,825,27),(22625,859,32),(22626,859,18),(22627,859,31),(22632,233,16),(22633,233,15),(22634,800,32),(22635,800,18),(22636,800,31),(22644,1044,37),(22647,414,9),(22648,414,23),(22649,414,5),(22721,392,16),(22722,392,15),(22723,392,23),(22724,1034,9),(22725,1034,31),(22737,1053,12),(22738,1053,25),(22742,745,9),(22743,745,18),(22744,745,31),(22745,1049,20),(22746,1049,11),(22747,1049,27),(22748,1049,31),(22759,980,16),(22760,980,32),(22761,980,18),(22762,980,31),(22763,1045,37),(22764,909,29),(22789,586,32),(22790,586,18),(22791,586,31),(22793,62,10),(22794,62,11),(22795,993,13),(22796,993,11),(22807,1008,19),(22808,1008,20),(22809,1008,10),(22810,1008,16),(22811,1008,15),(22812,1008,12),(22813,1008,23),(22814,1008,22),(22815,1008,32),(22816,1008,18),(22817,1008,34),(22818,1008,31),(22824,609,9),(22825,609,31),(22828,1050,9),(22829,1050,23),(22835,878,9),(22836,878,23),(22837,347,9),(22838,347,31),(22839,1004,24),(22840,1004,23),(22841,1004,22),(22845,634,18),(22846,634,31),(22847,1030,31),(22848,939,4),(22849,939,9),(22850,939,23),(22851,939,22),(22852,910,20),(22853,910,32),(22854,910,26),(22855,910,18),(22856,910,31),(22857,1054,16),(22869,1055,11),(22870,465,16),(22871,465,13),(22872,465,15),(22873,465,14),(22886,1007,24),(22887,1007,9),(22888,1007,32),(22889,1007,36),(22890,1007,31),(22891,496,20),(22892,496,10),(22893,496,11),(22894,496,27),(22895,982,24),(22896,559,32),(22897,559,5),(22898,559,18),(22899,559,31),(22903,858,15),(22904,858,32),(22905,858,18),(22911,902,15),(22912,902,9),(22913,902,32),(22914,902,18),(22915,902,31),(22920,231,15),(22921,231,32),(22922,231,26),(22923,231,18),(22942,866,9),(22943,866,31),(22944,305,20),(22945,305,32),(22946,305,18),(22947,305,31),(22948,996,17),(22949,996,15),(22950,996,9),(22951,996,31),(22958,990,16),(22959,990,23),(22960,990,32),(22976,963,32),(22977,963,26),(22978,963,36),(22979,963,31),(22986,1035,31),(22987,945,24),(22988,945,9),(22989,945,23),(22990,945,22),(22991,945,5),(22996,1012,31),(23005,900,16),(23006,900,9),(23007,900,18),(23008,900,31),(23009,871,16),(23018,204,20),(23019,204,32),(23020,204,18),(23021,556,17),(23022,556,32),(23023,556,18),(23024,556,31),(23025,1052,16),(23026,1052,15),(23027,995,24),(23028,995,32),(23029,995,18),(23030,995,31),(23035,901,9),(23036,901,26),(23037,901,31),(23038,868,20),(23039,868,17),(23040,868,32),(23041,868,18),(23042,868,31),(23043,880,24),(23044,880,9),(23045,880,23),(23046,840,17),(23047,840,16),(23048,840,15),(23049,840,26),(23050,1041,26),(23051,1041,31),(23052,817,17),(23053,817,32),(23054,817,18),(23055,981,16),(23056,981,23),(23057,981,32),(23058,981,26),(23059,981,18),(23060,842,31),(23061,729,20),(23062,729,32),(23063,729,18),(23064,729,34),(23065,987,9),(23066,987,23),(23067,987,31),(23068,810,20),(23069,810,16),(23070,810,9),(23071,810,32),(23072,810,31),(23073,986,9),(23074,986,18),(23075,986,31),(23076,1003,20),(23077,1003,32),(23078,1003,18),(23079,1003,31),(23080,381,20),(23081,381,9),(23082,381,32),(23083,381,18),(23084,381,31),(23085,1051,9),(23086,1051,31),(23087,958,4),(23088,958,18),(23089,958,34),(23090,958,31),(23091,811,16),(23092,811,18),(23093,1032,31),(23094,32,20),(23095,32,32),(23096,32,18),(23097,851,9),(23098,851,34),(23099,851,31),(23100,861,32),(23101,861,31),(23102,742,9),(23103,742,32),(23104,742,18),(23105,742,31),(23106,774,32),(23107,774,18),(23108,774,34),(23109,197,20),(23110,197,32),(23111,197,18),(23112,961,12),(23113,961,25),(23114,1029,17),(23115,1029,16),(23116,599,9),(23117,599,32),(23118,599,31),(23119,765,17),(23120,765,32),(23121,765,18),(23122,765,31),(23125,1010,9),(23126,1010,31),(23127,855,4),(23128,855,17),(23129,855,31),(23130,485,16),(23131,485,15),(23132,485,26),(23141,937,20),(23142,937,16),(23143,937,32),(23144,937,18),(23145,937,31),(23146,235,24),(23147,235,26),(23148,1033,18),(23149,1033,34),(23150,1033,31);
/*!40000 ALTER TABLE `sijainentoimialue` ENABLE KEYS */;
UNLOCK TABLES;

--
-- Table structure for table `nimike`
--

DROP TABLE IF EXISTS `nimike`;
/*!40101 SET @saved_cs_client     = @@character_set_client */;
/*!40101 SET character_set_client = utf8 */;
CREATE TABLE `nimike` (
  `id` int(11) NOT NULL AUTO_INCREMENT,
  `lyhenne` text NOT NULL,
  `nimi` text NOT NULL,
  PRIMARY KEY (`id`)
) ENGINE=InnoDB AUTO_INCREMENT=37 DEFAULT CHARSET=latin1;
/*!40101 SET character_set_client = @saved_cs_client */;

--
-- Dumping data for table `nimike`
--

LOCK TABLES `nimike` WRITE;
/*!40000 ALTER TABLE `nimike` DISABLE KEYS */;
INSERT INTO `nimike` VALUES (1,'Sh sij','Sairaanhoitaja sijainen'),(2,'Ph','Perushoitaja'),(3,'Sh','Sairaanhoitaja'),(4,'Lh','Lähihoitaja'),(5,'IT-tuki','IT-tuki'),(6,'Oss','Osastonsihteeri'),(8,'Lh sij','Lähihoitaja sijainen'),(9,'Kät','Kätilö'),(10,'Las.h.','Lastenhoitaja'),(11,'Hka','Henkilökohtainen avustaja'),(12,'Lkvm','Lääkintävahtimestari'),(13,'Rh','Röntgenhoitaja'),(14,'Kät sij','Kätilö sijainen'),(15,'HH','Hammashoitaja'),(16,'HH sij','Hammashoitaja sijainen'),(17,'Sos','Sosionomi'),(18,'Ha','Hoitoapulainen'),(19,'La','Laitoshuoltaja'),(20,'Asohj.','Asumisohjaaja'),(21,'Väl.huolt','Välinehuoltaja'),(22,'Th','Terveydenhoitaja'),(23,'Tstosiht','Toimistosihteeri'),(24,'Aspalvsiht','Asiakaspalvelusihteeri'),(25,'Tekskäs','Tekstinkäsittelijä'),(26,'Kielkään','Kielenkääntäjä'),(27,'Kät/sh','Kätilö/Sairaanhoitaja'),(28,'Lh/Sos','Lähihoitaja/Sosionomi'),(29,'Kodinh','Kodinhoitaja'),(30,'Geron','Geronomi'),(31,'Jal.ter','Jalkaterapeutti'),(32,'Eval','Eval'),(33,'Sosiaaliohjaaja','Sosiaaliohjaaja'),(34,'Kh','Koordinoiva hoitaja'),(35,'sosionomisij.','sosionomisijainen'),(36,'Ft','Fysioterapeutti');
/*!40000 ALTER TABLE `nimike` ENABLE KEYS */;
UNLOCK TABLES;

--
-- Table structure for table `osasto`
--

DROP TABLE IF EXISTS `osasto`;
/*!40101 SET @saved_cs_client     = @@character_set_client */;
/*!40101 SET character_set_client = utf8 */;
CREATE TABLE `osasto` (
  `id` int(11) NOT NULL AUTO_INCREMENT,
  `lyhenne` text NOT NULL,
  `nimi` text NOT NULL,
  `raporttinumero` text NOT NULL,
  `toimialue_id` int(11) DEFAULT NULL,
  `palvelualue_id` int(11) DEFAULT NULL,
  `aktiivinen` tinyint(1) NOT NULL DEFAULT 1,
  PRIMARY KEY (`id`),
  KEY `toimialue_id` (`toimialue_id`),
  KEY `palvelualue_id` (`palvelualue_id`)
) ENGINE=InnoDB AUTO_INCREMENT=412 DEFAULT CHARSET=latin1;
/*!40101 SET character_set_client = @saved_cs_client */;

--
-- Dumping data for table `osasto`
--

LOCK TABLES `osasto` WRITE;
/*!40000 ALTER TABLE `osasto` DISABLE KEYS */;
INSERT INTO `osasto` VALUES (4,'Ei varattavissa','Ei varattavissa','1520',0,0,1),(6,'EVAL MED','EVAL MED','6110',2,0,1),(7,'EVAL OPER','EVAL OPER','6110',3,0,1),(8,'EVAL PERHE','EVAL PERHE','4110',4,0,1),(9,'Hallinto','Hallinto','1111',6,0,1),(10,' SoiteTule','Soite 2.0 Tulevaisuuden sote-keskus','1121',6,0,1),(11,'Koulutuspalvelut','Koulutuspalvelut','1212',6,0,1),(12,' TukiPalv. YHT.','Tukipalvelut yhteiset','1410',5,0,1),(13,'Palv.Suhde','Palvelusuhdeasiat','1511',5,0,1),(14,'Rekry','Resurssikeskus ja rekrytointi','1520',5,0,1),(15,'Työh & Turv','Työhyvinvointi ja turvallisuus','1530',5,0,1),(16,'Logistiikka','Materiaali ja logistiikka','1710',5,0,1),(17,'Kuljetuspalvelut','Logistiikan kuljetuspalvelut','1712',5,0,1),(18,'Hankintatoimisto','Hankintatoimisto','1720',6,0,1),(19,'Sov.tuki','Sovellustuki','1810',5,0,1),(20,'Tietohallinto','Tietohallinto','1810',5,0,1),(21,'IT-palvelut','IT-palvelut','1820',5,0,1),(22,'Arkisto ja tietosuoja ','Asiakirjahallinto ja tietosuoja ','1830',6,0,1),(23,'TervSosTyö','Terveyssosiaalityö','2210',22,0,1),(24,'Sos.Päiv','Sosiaalipäivystys','2220',22,0,1),(25,'NeKu','NeKu','2311',32,0,1),(26,'Stroke','Stroke','2311',32,0,1),(27,'Neur Pkl','Neur Pkl','2312',32,0,1),(28,'KNF Pkl','KNF Pkl','2312',32,0,1),(29,'NeurFys ','Kliininen Neurofysiologia','2313',32,0,1),(30,'ESH Kotih','Kotihoitopotilaat Esh','2314',32,0,1),(31,'Fysiatrian kunt.','Fysiatrian kuntoutus','2321',32,0,0),(32,'FysTer. LaNu ','Fysioterapia lapset ja nuoret','2321',32,0,0),(33,'Toimintaterapia','Toimintaterapia','2322',32,0,1),(34,'Puheterapia','Puheterapia','2323',32,0,1),(35,'AikKunt','Aikuisten ja työikäisten kuntoutus','2330',32,0,1),(36,'IkäKunt','Ikääntyneiden kuntoutus','2340',32,0,1),(37,'Kunt.Tutk Pkl','Kuntoutustutkimuspoliklinikka','2351',32,0,1),(38,'Fysiatrian Pkl','Fysiatrian Pkl','2352',32,0,1),(39,'Kipu Pkl','Kipu Pkl','2353',32,0,1),(40,'Kroon.Kipu','Kroonisen kivun hoito','2353',32,0,1),(41,'Apuvälinekeskus','Apuvälinekeskus','2360',32,0,1),(42,'Psykologipalvelut','Psykologipalvelut','2400',9,0,1),(43,'Välinehuolto','Välinehuolto','2500',5,0,1),(44,'Apteekki','Sairaala-apteekki','2600',32,0,1),(45,'Sihteerit tekstinkäsittelyt','Tekstinkäsittely- ja käännöspalvelut','2710',5,0,1),(46,'Avopalveluiden sihteerit','Avopalveluiden sihteerit','2720',5,0,1),(47,'Neuvonta','Neuvonta','2720',5,0,1),(48,'Osastosihteerit','Osastosihteeripalvelut','2730',5,0,1),(49,'Asiakasohjaus','AsiakasOhj','3221',10,0,1),(50,'Avopalvelut','Avopalvelut','3222',10,0,1),(51,'Omaishoito','Omaishoito','3232',10,0,1),(52,'Perhehoito','Perhehoito','3233',10,0,1),(53,'Päivätoiminta','Päivätoiminta','3234',10,0,1),(54,'Kh itäinen','Kotihoito itäinen','3310',34,0,1),(55,'Kh eteläinen','Kotihoito eteläinen','3320',34,0,1),(56,'Kh läntinen','Kotihoito läntinen','3330',34,0,1),(57,'Kh Kälviä','Kotihoito Kälviä','3340',34,0,1),(58,'Kh Ullava','Kotihoito Ullava','3370',34,0,1),(59,'Kh Lohtaja','Kotihoito Lohtaja','3340',34,0,1),(60,'Kh Kannus','Kotihoito Kannus','3360',11,0,1),(61,'Kh Toholampi','Kotihoito Toholampi','3360',11,0,1),(62,'Kh Lestijärvi','Kotihoito Lestijärvi','3360',11,0,1),(63,'Kh Veteli Räyrinki','Kotihoito Veteli Räyrinki','3370',12,0,1),(64,'Kh Kaustinen','Kotihoito Kaustinen','3370',12,0,1),(65,'Kh Veteli keskusta','Kotihoito Veteli keskusta','3370',12,0,1),(66,'Kh Perho','Kotihoito Perho','3370',12,0,1),(67,'Kh Halsua','Kotihoito Halsua','3370',12,0,1),(68,'Yöpartio','Yöpartio','3381',34,0,1),(69,'Kh kotiuttamistiimi','Kotihoidon kotiuttamistiimi','3382',34,0,1),(70,'Kuusikumpu','Senioriasuminen, Kuusikumpu','3390',34,0,1),(71,'Kannelma','Kannelma','3411',12,0,1),(72,'Iltarusko','Iltarusko','3414',12,0,1),(73,'Kotipirtti','Kotipirtti','3415',11,0,1),(74,'Jalmiina','Jalmiina','3416',12,0,1),(75,'Männistö','Männistö','3417',11,0,1),(76,'Harjukoti','Harjukoti','3418',12,0,1),(77,'Hopijakumpu','Hopijakumpu','3419',11,0,1),(78,'Virkkula','Virkkula Leporanta','3420',13,0,1),(79,'Tyynelä','Tyynelä Leporanta','3420',13,0,1),(80,'Toivolakoti','Toivolakoti Leporanta','3420',13,0,1),(81,'Pihlajakoti','Pihlajakoti Leporanta','3420',13,0,1),(82,'Lepola','Lepola','3421',14,0,1),(83,'Tervak. os 2','Tervakartano os 2','3422',15,0,1),(84,'Tervak os 3','Tervakartano os 3','3422',15,0,1),(85,'Ventus 2','Ventus 2 Honkaharju','3427',16,0,1),(86,'Ventus 3','Ventus 3 Honkaharju','3429',16,0,1),(87,'Honkavire','Honkavire Honkaharju','3428',16,0,1),(88,'Vaiho','Vaiho Honkaharju','3428',16,0,1),(89,'Artunpirtti','Artunpirtti Honkaharju','3431',16,0,1),(90,'Adalmiina','Adalmiina Honkaharju','3432',16,0,1),(91,'Toivontupa','Toivontupa Honkaharju','3433',16,0,1),(92,'Kuntola','Kuntola','3434',12,0,1),(93,'Valkama','Valkama','3435',11,0,1),(94,'Fiona os1 alakerta','Fiona os1','3437',17,0,1),(95,'Fiona os2 yläkerta','Fiona os2','3437',17,0,1),(96,'YLE Y1','YLE Y1','3510',18,0,1),(97,'YLE Y0','YLE Y0','3520',18,0,1),(98,'Potku','Potilaskuljetus','1520',18,0,1),(99,'YLE Kannus','YLE Kannus','3530',11,0,1),(100,'Kotsa Lestijokil.','Kotisairaala Kannus','3620',20,0,1),(101,'YLE Tunkkari','YLE Tunkkari','3540',12,0,1),(102,'Kotsa Perhonjokil.','Kotisairaala Tunkkari','3620',20,0,1),(103,'Tehostettu kotikunt.','Tehostettu kotikuntoutus','3610',20,0,1),(104,'Kotiuttajahoitaja','Kotiuttamishoitaja','3610',20,0,1),(105,'Kotsa Kla','Kotisairaala Kokkola','3620',20,0,1),(106,'Terveyspisteet','Terveyspisteet','3632',20,0,1),(107,'Daalia','Daalia','3632',19,0,1),(108,'Seniori NLA Kannus','Senior NLA Kannus','3632',19,0,1),(109,'Seniori NLA Toholampi','Senior NLA Toholampi','3632',19,0,1),(110,'Kokkola geriatrinen poliklinikka','Kokkola geriatrinen Pkl','3633',20,0,1),(111,'Tunkkari geriatrinen Pkl','Tunkkari geriatrinen Pkl','3633',20,0,1),(112,'Puistola geriatrinen Pkl','Puistola geriatrinen Pkl','3633',20,0,1),(113,'Lestijoki geriatrinen Pkl','Lestijoki geriatrinen Pkl','3633',20,0,1),(114,'Muistitiimi','Muistitiimi','3634',20,0,1),(115,'Palliat Pkl','Palliat. Pkl','3640',20,0,1),(116,'ENTER ','ENTER- elämässä eteenpäin','4113',9,0,1),(117,'N_Isokylä','Neuvola Isokylä','4216',21,0,1),(118,'N_Torkinmäki','Neuvola Torkinmäki','4216',21,0,1),(119,'N_Kälviä','Neuvola Kälviä','4216',21,0,1),(120,'N_Lohtaja','Neuvola Lohtaja','4216',21,0,1),(121,'N_Mariankatu','Neuvola Mariankatu','4216',21,0,1),(122,'N_Koivuhaka','Neuvola Koivuhaka','4216',21,0,1),(123,'N_Kannus','Neuvola Kannus','4216',21,0,1),(124,'N_Toholampi','Neuvola Toholampi','4216',21,0,1),(125,'N_Lestijärvi','Neuvola  Lestijärvi','4216',21,0,1),(126,'N_Pajala','Neuvola Pajala','4216',21,0,1),(127,'N_Perho','Neuvola Perho','4216',21,0,1),(128,'K_Halkokari','Koulu Halkokari','4217',21,0,1),(129,'K_ Torkinmäki','Koulu Torkinmäki','4217',21,0,1),(130,'K_Hakalahti','Koulu Hakalahti','4217',21,0,1),(131,'K_Hollihaan','Koulu Hollihaka','4217',21,0,1),(132,'K_Isokylä','Koulu Isokylä','4217',21,0,1),(133,'K_Länsipuiston','Koulu Länsipuisto','4217',21,0,1),(134,'K_Koivuhaka','Koulu Koivuhaka','4217',21,0,1),(135,'K_Mäntykangas','Koulu Mäntykangas','4217',21,0,1),(136,'K_Kiviniitty','Koulu Kiviniitty','4217',21,0,1),(137,'K_Kälviä','Koulu Kälviä','4217',21,0,1),(138,'K_Lohtaja','Koulu Lohtaja','4217',21,0,1),(139,'K_ruotsinkieliset','Koulut ruotsinkieliset','4217',21,0,1),(140,'K_Kannus','Koulu Kannus','4217',21,0,1),(141,'K_Toholampi','Koulu Toholampi','4217',21,0,1),(142,'K_Lestijärvi','Koulu Lestijärvi','4217',21,0,1),(143,'K_Kaustinen','Koulu Kaustinen','4217',21,0,1),(144,'K_Veteli','Koulu Veteli','4217',21,0,1),(145,'K_Halsua','Koulu Halsua','4217',21,0,1),(146,'K_Perho','Koulu Perho','4217',21,0,1),(147,'K_Hyvinvointikampus','Hyvinvointikampus, terveystie 1','4218',21,0,1),(148,'K_Kampushalli','Kampushalli, teknologiakatu 8','4218',21,0,1),(149,'LastValv','Lastenvalvonta','4252',9,0,1),(150,'PerheOik.palv','Perheoikeudelliset palvelut (lastenvalvonta)','4252',9,0,1),(151,'Os 1','Lasten ja nuorten osasto 1','4311',9,0,1),(152,'Keskola','Vastasyntyneiden teho','4312',9,0,1),(153,'LaKot','Lasten kotisairaala','4313',9,0,1),(154,'Lapo','Lasten ja nuorten poliklinikka','4314',9,0,1),(155,'LaPäi','Lasten ja nuorten päivystys','4315',9,0,1),(156,'Os 14','Lastenpsykiatrian osasto 14','4321',9,0,1),(157,'LaPsyPo','Lastenpsykiatrian poliklinikka','4322',9,0,1),(158,'PiLaTi','Pikkulapsipsykiatrian tiimi','4323',9,0,1),(159,'LaNu Terap','Lasten ja nuorten terapiapoliklinikka','4324',9,0,1),(160,' Perhesosiaalityö',' Perhesosiaalityö','4410',9,0,1),(161,'Lapsiperheiden kotipalvelu','Lapsiperheiden kotipalvelu','4411',9,0,1),(162,'Lastensuojelu','Lastensuojelu','4421',9,0,1),(163,'Lastensuoj. laitospalvelu','Lastensuojelun laitospalvelu','4423',9,0,1),(164,'Saraste','Saraste','4430',22,0,1),(165,'Asumisneuvonta','Asumisneuvonta','4532',22,0,1),(166,'AikSosTyö ','Aikuissosiaalityö','4511',22,0,1),(167,'TYP','Työvoiman palvelukeskus','4521',22,0,1),(168,'Kuntouttava työtoiminta','Kuntouttava työtoiminta','4522',22,0,1),(169,'Tukiasunnot','Tukiasunnot','4523',22,0,1),(170,'Koivutupa','Koivutupa','4533',22,0,1),(171,'Os 17','Nuoriso os 17','4611',23,0,1),(172,'Verso','Syömishäiriötiimi','4612',9,0,1),(173,'Ps Nuor','Nuorisopoliklinikka','4613',9,0,1),(174,'Os 15A','Aikuispsykiatria, os 15','4620',23,0,1),(175,'Psyk avohoito','Psykiatrian avohoito','4631',23,0,1),(176,'Ac. työryhmä Psyk','AkuuttityöryhmäPsyk','4631',23,0,1),(177,'PsKk','Psyk. erityispalvelut','4632',23,0,1),(178,'PsHoito ','Psykiatrian hoitotiimi =&gt; PSYK ERITYISPALVELUT','4632',23,0,1),(179,'Ps.kunt.työryhmä','Psyk.kuntoutus','4633',23,0,1),(180,'PJ-La tiimi','PJ-Laakson tiimi','4634',23,0,1),(181,'LJ-la tiimi','LJ-Laakson Tiimi','4635',23,0,1),(182,'Psyk lähipalvelut','Psyk.lähipalvelut (kriisi- ja lähipalvelutyöryhmä)','4636',23,0,1),(183,'Mieku','Mielenterveysongelmiin vastaava sosiaalityö -ohjaus ja sosiaalinen kuntoutus','4647',23,0,1),(184,'Psyk päivätoiminta','Mielenterveyskuntoutujien päivä- ja työtoiminta','4648',23,0,1),(185,'Päihdehuollon avokunt','Päihdehuollon avokuntoutus','4660',23,0,1),(186,'Selviämishoito','Selviämis- ja vieroitushoito','4661',23,0,1),(187,'Päihdehuollon Sos.Työ','Päihdehuollon Sosiaalityötyö','4662',23,0,1),(188,'Päihdehuollon laitoskunt','Päihdehuollon laitoskuntoutus','4663',23,0,1),(189,'Päihdehuollon asumispalvelut','Ympärivuorokautinen asumispalvelu','4665',23,0,1),(190,'Mattilakoti','Mattilakoti','5211',24,0,1),(191,'Pilventupa','Pilventupa','5212',24,0,1),(192,'Runeberginkatu','Runeberginkatu','5216',24,0,1),(193,'Mesilä','Mesilä','5217',24,0,1),(194,'Pesäpuu','Pesäpuu','5219',25,0,1),(195,'Avohuollon tiimi','Avohuollon tiimi','5222',24,0,1),(196,'Laitoshoito','Laitoshoito','5223',24,0,1),(197,'YmpHoiAs','Ympärivuorokautisen hoivan asumispalvelut','5224',24,0,1),(198,'Tilapäishoito','Tilapäishoito','5225',24,0,1),(199,'Mäntyvintti','Mäntyvintti','5227',24,0,1),(200,'Validia ','Validia asumispalvelut','5228',24,0,1),(201,'AuriRita','Auringonkukkakoti ja Ritarinkannus asumispalvelut','5229',24,0,1),(202,'Matti','Maria-Katariina ympärivuorokautinen palveluasuminen Matti','5240',24,0,1),(203,'Askel ','Maria-Katariina laitospalvelu Askel','5241',24,0,1),(204,'Einari-Sofia','Maria-Katariina laitospalvelu Einari-Sofia','5241',24,0,1),(205,'Aamurusko','Aamurusko','5245',25,0,1),(206,'Kotipolku','Lumikonkortteli ympärivuorokautinen palveluasuminen','5247',24,0,1),(207,'Lumikonkortteli tukiasuminen','Lumikonkortteli tukiasuminen','5248',24,0,1),(208,'Asuva','Asuva, Lumikonkortteli','5249',24,0,1),(209,'Katarinegården','Soldalen tehostettu palveluasuminen','5250',24,0,1),(210,'Karlebyboende','Soldalen asumista tukevat palvelut','5251',24,0,1),(211,'Måttis päivätoiminta','Soldalen päivätoiminta','5252',24,0,1),(212,'Kompassi','Kompassi','5311',24,0,1),(213,'Halsuan työtupa','Halsuan työtupa','5313',25,0,1),(214,'Perhon toimintakeskus','Perhon toimintakeskus','5314',25,0,1),(215,'Lestijokilaakson toimintakeskus','Lestijokilaakson toimintakeskus ja avotyötoiminta','5315',25,0,1),(216,'Kaustisen toimintakeskus','Kaustisen toimintakeskus','5317',25,0,1),(217,'Eke','Eke','5322',25,0,1),(218,'Pihlajatupa','Pihlajatupa','5243',25,0,1),(219,'Lumikonkoti','Lumikonkoti','5248',24,0,1),(220,'Kehityspkl','Kehityspkl','5410',24,0,1),(221,'VamPa SosTyö','Vammaispalveluiden sosiaalityö','5421',24,0,1),(222,'KehVa hoito ja hoiva','KehVa hoito ja hoiva','5422',24,0,1),(223,'Henk.Koht.apu','Henkilökohtainen apu','5423',24,0,1),(224,'Omaish.Tuki','Omaishoidon tuki ja vapaat','5425',24,0,1),(225,'Kehva kuljetus','Kehva kuljetus','5429',24,0,1),(226,'Vastaanotto Kokkola','Vastaanotto Kokkola','6210',26,0,1),(227,'Vastaanotto Koivuhaka','Vastaanotto Koivuhaka','6210',26,0,1),(228,'Vastaanotto Kälviä','vastaanotto Kälviä','6210',26,0,1),(229,'Vastaanotto Lohtaja','Vastaanotto Lohtaja','6210',26,0,1),(230,'Vastaanotto Ullava','Vastaanotto Ullava','6210',26,0,1),(231,'Hengityshoitaja Kokkolan vastaanotto','Hengityshoitaja Kokkolan vastaanotto','6210',26,0,1),(232,'Ilmaisjakelutarvikkeet Kokkolan vastaanotto','Ilmaisjakelu Kokkolan vastaanotto','6211',26,0,1),(233,'Vastaanotto Kannus','Kannus vastaanotto','6230',27,0,1),(234,'Vastaanotto Toholampi','Toholampi vastaanotto','6230',27,0,1),(235,'Vastaanotto Lestijärvi','Lestijärvi vastaanotto','6230',27,0,1),(236,'Vastaanotto Tunkkari','Tunkkari vastaanotto','6240',28,0,1),(237,'Vastaanotto Perho','Perho vastaanotto','6240',28,0,1),(238,'Med poli','Med. Pkl, päiväsairaala, skopiakeskus','6250',32,0,1),(239,'Hammash Kokkola','Kokkola hammashoitola','6310',29,0,1),(240,'Hammash Koivuhaan','Koivuhaka hammashoitola','6310',29,0,1),(241,'Hammash Torkinmäen ','Torkinmäki hammashoitola','6310',29,0,1),(242,'Hammash Kälviän','Kälviä hammashoitola','6310',29,0,1),(243,'Hammash Lestijärvi','Lestijärvi hammashoitola','6330',30,0,1),(244,'Hammash Kannus','Kannus hammashoitola','6330',30,0,1),(245,'Hammash Toholampi','Toholampi hammashoitola','6330',30,0,1),(246,'Hammash Tunkkari','Tunkkari hammashoitola','6340',30,0,1),(247,'Hammash Perho','Perho hammashoitola','6340',30,0,1),(248,'Hamsu','Hamsu ESH hammashoito','6351',29,0,1),(249,'Suun th päivystys','Suun th päivystys','6352',29,0,1),(250,'Pädi','Valvontaosasto','6410',31,0,1),(251,'Yhteispäivystys','Yhteispäivystys','6410',31,0,1),(252,'EKP223 Perho','EKP223 Perho','6420',33,0,1),(253,'EKP01 Kokkola','EKP01 Kokkola','6420',33,0,1),(254,'EKP121 Kokkola','EKP121 Kokkola','6420',33,0,1),(255,'EKP131 Kokkola','EKP131 Kokkola','6420',33,0,1),(256,'EKP122 Kasikulma','EKP122 Kasikulma','6420',33,0,1),(257,'EKP021 Kokkola','EKP021 Kokkola','6420',33,0,1),(258,'EKP323 Reisjärvi','EKP323 Reisjärvi','6420',33,0,1),(259,'EKP222 Kaustinen','EKP222 Kaustinen','6420',33,0,1),(260,'EKP321 Kannus','EKP321 Kannus','6420',33,0,1),(261,'EKP322 Toholampi','EKP322 Toholampi','6420',33,0,1),(262,'EKP221 Alaveteli','EKP221 Alaveteli','6420',33,0,1),(263,'Radiologia','Radiologia','6430',32,0,1),(264,'RTG-hoitaja','Radiologia1','6430',32,0,1),(265,'PatLab','Patologia','6440',31,0,1),(266,'Infektioiden torjunta','Infektioden torjuntayksikkö','6450',26,0,1),(267,'Infektiovotto Kla','Infektiovastaanotto Kokkola','6450',26,0,1),(268,'Labra','Laboratorio','6460',31,0,1),(269,'Os 3','Synnystys ja naistentautien os 3','6511',31,0,1),(270,'Gyn. Pkl','Gynekologian Pkl','6512',31,0,1),(271,'Kätilö Pkl','Kät Pkl','6513',31,0,1),(272,'Äitiys Pkl','Äitiys Pkl','6514',31,0,1),(273,'Os 9','Os 9','6521',32,0,1),(274,'Os 8','Os 8','6522',32,0,1),(275,'CCU','Sydänvalvonta','6523',32,0,1),(276,'Sydän Pkl','Sydän Pkl','6524',32,0,1),(277,'SyTy','Sydäntoimenpideyksikkö','6525',32,0,1),(278,'Tk:n kardiol.','Tk:n kardiologia','6526',32,0,1),(279,'Os 7','Os 7','6531',31,0,1),(280,'Os 10','Os 10','6532',31,0,1),(281,'Kirpo','Kirurgian poliklinikka','6533',31,0,1),(282,'Onko Pkl','Syöpätautien poliklinikka','6534',31,0,1),(283,'SiTy','Silmätautien toimenpideyksikkö','6541',31,0,1),(284,'Kopo','Korva-, nenä- ja kurkkutautien Pkl','6543',31,0,1),(285,'Kuuloasema','Kuuloasema','6544',31,0,1),(286,'Iho Pkl','Ihotautipoliklinikka','6545',31,0,1),(287,'Leikkaustoiminta','Anestesia- ja leikkaustoiminta','6551',31,0,1),(288,'Teho','Tehostetun hoidon osasto','6554',31,0,1),(289,'Dial','Keinomunuaisyksikkö','6555',31,0,1),(290,'KP palo YHT','KP paloasemat yhteiset','8221',35,0,1),(291,'AS 11 ','Kokkolan paloasema','8222',35,0,1),(292,'Hoivakoti Majakka','Hoivakoti Majakka','3451',10,0,1),(293,'Kuusimäki','Kuusimäki','3451',10,0,1),(294,'Kirkonmäki/Hakalahti','Kirkonmäki/Hakalahti','3451',10,0,1),(295,'Pettersborg','Pettersborg, demenceboende Norman','3452',10,0,1),(296,'Karelia-koti','Karelia-koti','3453',10,0,1),(297,'Villa Maria','Villa Maria','3454',10,0,1),(298,'Villa Lehto','Villa Lehto','3455',10,0,1),(299,'Emeliehem','Emelie','3460',10,0,1),(300,'Kitinkoti','Kitinkoti','3461',10,0,1),(301,'Ostopalv TePa','Muut ostopalvelut palveluasuminen ja laitoshoito','3499',10,0,1),(302,'TyöPäiToim','Ostopalvelut työ- ja päivätoiminta','5320',24,0,1),(303,'Green Care ','Green Care ostopalvelut','5321',24,0,1),(304,'Vallaton vammaistyö ','Vallaton vammaistyö (hanke)','5111',24,0,1),(305,'Kotouttaminen','Kotoutumispalvelut Kokkola (laskennalliset menot)','4535',9,0,1),(306,'Aluevaltuusto','Aluevaltuusto','1112',6,0,1),(307,'Aluehallitus','Aluehallitus','1113',6,0,1),(308,'Kehittämisyksikkö','Kehittämisyksikkö','1211',6,0,1),(309,'Sisäinen tarkastus','Sisäinen tarkastus','1123',6,0,1),(310,'VATE','VATE','1124',6,0,1),(311,'ICT-hanke HVA','ICT-hanke HVA','1125',6,0,1),(312,'RRF-kestävä kasvu','RRF-kestävä kasvu','1126',6,0,0),(313,'Yksilöasioidenjaosto','Yksilöasioidenjaosto','1150',6,0,1),(314,'Aluevaalilautakunta','Aluevaalilautakunta','1151',6,0,1),(315,'Tarkastuslautakunta','Tarkastuslautakunta','1152',6,0,1),(316,'Kansalliskielilautakunta','Kansalliskielilautakunta','1153',6,0,1),(317,'Hyvinvointi- ja tulevaisuuslautakunta','Hyvinvointi- ja tulevaisuuslautakunta','1154',6,0,1),(318,'Turvallisuus- ja pelastuslautakunta','Turvallisuus- ja pelastuslautakunta','1155',6,0,1),(319,'Nuorisovaltuusto','Nuorisovaltuusto','1156',6,0,1),(320,'Vanhusneuvosto','Vanhusneuvosto','1157',6,0,1),(321,'Vammaisneuvosto','Vammaisneuvosto','1158',6,0,1),(322,'Asiakasraadit','Asiakasraadit','1159',6,0,1),(323,'Alueneuvottelukunta','Alueneuvottelukunta','1160',6,0,1),(324,'Koulutusinvestointi','Koulutusinvestointi','1213',6,0,1),(325,'Terapiakoulutus','Terapiakoulutus','1214',6,0,1),(326,'Johtamiskoulutus','Johtamiskoulutus','1215',6,0,1),(327,'Professioiden kehittäminen','Professioiden kehittäminen','1216',6,0,1),(328,'EVO-koulutukset','EVO-koulutukset','1217',6,0,1),(329,'EVO-tutkimus','EVO-tutkimus','1218',6,0,1),(330,'SonetBotnia','SonetBotnia','1219',6,0,1),(331,'Työkyky-hanke','Työkyky-hanke','1229',6,0,1),(332,'Meidän mielessä','Meidän mielessä','1230',6,0,1),(333,'Tal & Lask','Talous- ja laskutuspalvelut','1610',6,0,1),(334,'Hall.Palv','Hallintopalvelut','1620',6,0,1),(335,'Viest & Markk','Viestintä ja markkinointi','1630',5,0,1),(336,'Tilastot','Tilastointi ja analytiikka','1640',5,0,1),(337,'Potilashotelli','Potilashotelli','2731',5,0,1),(338,'Kotiin -hanke','Kotiin -hanke','3114',6,0,1),(339,'Lastensuoj. ammatillinen perhehoito','Lastensuojelun ammatillinen perhehoito','4422',9,0,1),(340,'Lastensuoj. perhehoito','Lastensuojelun perhehoito','4424',9,0,1),(341,'Kareliakoti ','Kareliakoti asumispalvelut','5232',24,0,1),(342,'Asunnonmuutostyöt','Asunnonmuutostyöt','5426',24,0,1),(343,'Muu tuki ja tilapäishoito (iltapäiväkerho)','Muu tuki ja tilapäishoito (iltapäiväkerho)','5428',24,0,1),(344,'Perhehoito','Perhehoito','5424',24,0,1),(345,'Miepä palveluasuminen','Mielenterveyskuntoutujien ympärivuorokautinen palveluasuminen','4645',23,0,1),(346,'Miepä asumispalvelut','Mielenterveyskuntoutujien asumispalvelut','4646',23,0,1),(347,'TASOS','TASOS-hanke','4114',9,0,1),(348,'P-S lastensuoj. hanke','Monialainen lastensuojelu Pohjois-Suomessa -hanke','4115',9,0,1),(349,'Palveluasuminen kotiin','Palveluasuminen kotiin','5226',24,0,1),(350,'Tukena ','Tukena Joke-koti asumispalvelut','5230',24,0,1),(351,'Kh palvelusetelitiimi','Kotihoidon palvelusetelitiimi','3384',34,0,1),(352,'Rokotuspiste Mariankatu','Rokotuspiste Mariankatu','6210',26,3,1),(353,'Rokotuspiste Kannus','Rokotuspiste Kannus','6230',27,3,1),(354,'Rokotuspiste Perho','Rokotuspiste Perho','6240',28,3,1),(355,'Rokotuspiste Toholampi','Rokotuspiste Toholampi','6230',27,3,1),(356,'Rokotuspiste Tunkkari','Rokotuspiste Tunkkari','6240',28,3,1),(357,'Silpo','Silmätautien pkl','6541',31,0,1),(358,'Kh Marinkainen','Kotihoito Marinkainen','3340',34,0,1),(359,'LaNu Fys.terapia','Lasten ja nuorten fysioterapia','2321',32,0,1),(360,'TeSa hallinto','TeSa hallinto','6110',1,0,1),(361,'Äitiys- ja lastenneuvolatiimi','Äitiys- ja lastenneuvolatiimi','4216',9,0,1),(362,'Koulu TH tiimi','Kouluterveydenhuollon tiimi','4217',9,0,1),(363,'OpiskelijaTH tiimi','Opiskelija terveydenhuollon tiimi','4218',9,0,1),(364,'Hoito &amp; hoiva YHT','Hoito ja hoiva yhteiset','3110',10,0,1),(365,'Kehva YHT','Kehitysvammahuolto yhteiset','4110',24,0,1),(367,'PerhePalv YHT','Perheidenpalvelut yhteiset','4110',9,0,1),(368,'Os 15B','Aikuispsykiatria, os 15B','4620',23,0,1),(369,'Os 15C','Aikuispsykiatria, os 15avo','4620',23,0,1),(370,'ps.kt.injektiopoli','psyk. kuntoutustyöryhmä injektiopoli','4633',23,0,1),(371,'ps.kt.koivuhaka','psyk.kuntoutustyöryhmä koivuhaka','4633',23,0,1),(372,'päto Pilventupa','Kompassi päivätoiminta Pilventupa','5311',24,0,1),(373,'päto Mesilä','Kompassi päivätoiminta Mesilä','5311',24,0,1),(374,'Toiminnanohjauskeskus','Toiminnanohjauskeskus','3382',34,0,1),(380,'Arviointitiimi','Arviointitiimi','3382',34,0,1),(381,'Videovisit','Videovisit','3382',34,0,1),(382,'Tilahallinta','Tilahallinta','1910',0,0,1),(383,'Sisäiset osastohoidon sihteeripalvelut','Sisäiset osastohoidon sihteeripalvelut','2710',36,2,1),(384,'YöLest','Yöpartio Lestijokilaakso','3360',11,1,1),(385,'LaNu fys.terapia Koivuhaka','LaNu fys.terapia Koivuhaka','2321',37,0,1),(386,'Kokkolan TK','Kokkolan TK','2330',37,0,1),(387,'Kannuksen TK','Kannuksen TK','2330',37,0,1),(388,'Tunkkarin TK','Tunkkarin TK','2330',37,0,1),(389,'Fikpt','Fikpt','2340',37,0,1),(390,'FikPe','FikPe','2340',37,0,1),(391,'FikKa','FikKa','2340',37,0,1),(392,'FikTo','FikTo','2340',37,0,1),(393,'FikTu','FikTu','2340',37,0,1),(394,'Neku fys','Neku fys','2311',37,0,1),(395,'Os7 Fys','Os7 Fys','6531',37,0,1),(396,'Os8 Fys','Os8 Fys','6522',37,0,1),(397,'Os9 Fys','Os9 Fys','6521',37,0,1),(398,'Os10 Fys','Os10 Fys','6532',37,0,1),(399,'Teho Fys','Teho Fys','6554',37,0,1),(400,'Tehos.kotikunt Fys','Tehos.kotikunt Fys','3610',37,0,1),(401,'Y0 Fys','Y0 Fys','3510',37,0,1),(402,'Y1 Fys','Y1 Fys','3520',37,0,1),(403,'Pädi Fys','Pädi Fys','6410',37,0,1),(404,'YhtP Fys','YhtP Fys','6410',37,0,1),(405,'Apuväline Fys','Apuväline Fys','2360',37,0,1),(406,'Aik. ja työik.kuntoutus FYS','Aik. ja työik.kuntoutus FYS','2330',37,0,1),(407,'Ikäänt.kunt. Fys','Ikäänt.kunt. Fys','2340',37,0,1),(408,'Fysiatrian pkl Fys','Fysiatrian pkl Fys','2352',37,0,1),(409,'RRF 2','RRF 2 hanke','1232',6,0,1),(410,'LaNu Fys pkl','Lasten ja nuorten fysioterapia pkl','2352',37,0,1),(411,'Pajala','Lastensuojelu ja sosiaalityön avohoito','4421',22,0,1);
/*!40000 ALTER TABLE `osasto` ENABLE KEYS */;
UNLOCK TABLES;

--
-- Table structure for table `tausta`
--

DROP TABLE IF EXISTS `tausta`;
/*!40101 SET @saved_cs_client     = @@character_set_client */;
/*!40101 SET character_set_client = utf8 */;
CREATE TABLE `tausta` (
  `id` int(11) NOT NULL AUTO_INCREMENT,
  `selite` text NOT NULL,
  `numero` int(11) NOT NULL,
  PRIMARY KEY (`id`)
) ENGINE=InnoDB AUTO_INCREMENT=32 DEFAULT CHARSET=latin1;
/*!40101 SET character_set_client = @saved_cs_client */;

--
-- Dumping data for table `tausta`
--

LOCK TABLES `tausta` WRITE;
/*!40000 ALTER TABLE `tausta` DISABLE KEYS */;
INSERT INTO `tausta` VALUES (1,'Sairasloma',3),(2,'Kotiosasto',1),(3,'Perehdytys',11),(4,'Koulutus',8),(5,'U-päivä',15),(6,'Jatkuva valvonta',12),(7,'Vastuualuejohtajan luvalla',13),(8,'Sissin perehdytys',10),(9,'Vahvistettu miehitys',2),(10,'Vuosiloma',4),(11,'Palkaton virkavapaa',6),(12,'Työntasausvapaa',7),(13,'Lapsi sairas',9),(14,'Palkallinen virkavapaa',5),(15,'Opiskelijaohjaus',14),(18,'Saldovapaapäivä',16),(24,'YVP',17),(27,'Lomarahavapaa',19),(29,'Luottamusmiespäivä',20),(31,'Hoitolaitossiirto',21);
/*!40000 ALTER TABLE `tausta` ENABLE KEYS */;
UNLOCK TABLES;

--
-- Table structure for table `toimialue`
--

DROP TABLE IF EXISTS `toimialue`;
/*!40101 SET @saved_cs_client     = @@character_set_client */;
/*!40101 SET character_set_client = utf8 */;
CREATE TABLE `toimialue` (
  `id` int(11) NOT NULL AUTO_INCREMENT,
  `lyhenne` text NOT NULL,
  `nimi` text NOT NULL,
  `vari_hex` varchar(7) NOT NULL DEFAULT '#ffffff',
  `aktiivinen` tinyint(1) NOT NULL DEFAULT 1,
  PRIMARY KEY (`id`)
) ENGINE=InnoDB AUTO_INCREMENT=38 DEFAULT CHARSET=latin1;
/*!40101 SET character_set_client = @saved_cs_client */;

--
-- Dumping data for table `toimialue`
--

LOCK TABLES `toimialue` WRITE;
/*!40000 ALTER TABLE `toimialue` DISABLE KEYS */;
INSERT INTO `toimialue` VALUES (1,'Kaikki',' Kaikki','#C37F44',1),(2,'EVAL med',' EVAL med',' #57f40',1),(3,'EVAL oper',' EVAL oper',' #fff43',1),(4,'EVAL perhe',' EVAL perhe',' #f7f40',1),(5,'Tukipalvelut',' Tukipalvelut','#68D79A',1),(6,'Hall',' Hallinto',' #ebd3e',1),(9,'Perh',' Perheiden palvelut','#397D86',1),(10,'Hoito ja hoiva',' Hoito ja hoiva',' #f52ef',0),(11,'HH Ljoki',' Hoito ja hoiva Lestijokilaakso',' #c42ac',1),(12,'HH Pjoki',' Hoito ja hoiva Perhonjokilaakso','#ECFF00',1),(13,'HHLepor',' Hoito ja hoiva Kokkola Leporanta','#31BC69',1),(14,'HHLepo',' Hoito ja hoiva Lepola','#FF9200',1),(15,'HHTerva',' Hoito ja hoiva Kokkola Tervakartano',' #23e8c',1),(16,'HHHonka',' Hoito ja hoiva Kokkola Honkaharju',' #e376e',1),(17,'HHFiona',' Hoito ja hoiva Kokkola Fiona',' #cf23c',1),(18,'YleOsKla',' Yleislääketieteen osastopalvelut Kokkola','#1CE4E4',1),(19,'AvoPal',' Asiakasohjaus ja avopalvelut','#FBFBFB',1),(20,'EriAvo',' Erityisalojen avopalvelut','#64A140',1),(21,'Tervhoi',' Lasten ja perheiden lähipalvelut','#F9D4CD',1),(22,'Sos',' Sosiaalihuolto','#DDD',1),(23,'psyk',' Psykiatria ja päihdepalvelut',' #f7f58',1),(24,'Kehva',' Kehitysvammahuolto ja vammaispalvelut','#FDAFFD',1),(25,'KehvaJoki',' Kehva Jokilaaksot','#EBE9E9',1),(26,'VOKla',' Vastaanotto Kokkola',' #e747e',1),(27,'VO Ljoki',' Vastaanotto Lestijokilaakso','#81588C',1),(28,'VO Pjoki',' Vastaanotto Pjoki','#00D6FF',1),(29,'SuuthKla',' Hammash Kokkola',' #8ff7f',1),(30,'SuuthJoki',' Hammash Jokilaaksot','#FF0048',1),(31,'TESA Oper','TESA Oper','#F9F95A',1),(32,'TESA Med',' TESA Med','#D2BCC2',1),(33,'Ensi',' Ensihoito','#1CEA20',1),(34,'KH Kokkola','Hoito ja hoiva Kokkola kotihoito','#4E45C8',1),(35,'PELA','Pelastuslaitos','#FF0050',1),(36,'Sihteeri','Sihteeri','#B00FF',1),(37,'Fysioterapia','Fysioterapia','#FF009E',1);
/*!40000 ALTER TABLE `toimialue` ENABLE KEYS */;
UNLOCK TABLES;

--
-- Table structure for table `reservilainen`
--

DROP TABLE IF EXISTS `reservilainen`;
/*!40101 SET @saved_cs_client     = @@character_set_client */;
/*!40101 SET character_set_client = utf8 */;
CREATE TABLE `reservilainen` (
  `id` int(11) NOT NULL AUTO_INCREMENT,
  `vakanssinumero` int(11) NOT NULL,
  `nimi` text NOT NULL,
  `nimike_id` int(11) NOT NULL,
  `aktiivinen` tinyint(1) NOT NULL,
  PRIMARY KEY (`id`),
  KEY `nimike_id` (`nimike_id`)
) ENGINE=InnoDB AUTO_INCREMENT=245 DEFAULT CHARSET=latin1;
/*!40101 SET character_set_client = @saved_cs_client */;

--
-- Dumping data for table `reservilainen`
--

LOCK TABLES `reservilainen` WRITE;
/*!40000 ALTER TABLE `reservilainen` DISABLE KEYS */;
INSERT INTO `reservilainen` VALUES (1,6514,'Kristiina Uusitalo',9,1),(2,6515,'Sara Westman',9,1),(4,6520,'Pia Sillanpää',9,1),(5,5188,'Mia-Maria Sundfors',9,1),(6,6522,'Heini-Maria Sillanpää',9,1),(7,6529,'Elisa Salminen',9,1),(8,6533,'Anna Sundqvist',9,1),(9,30050,'Roosa Björnman',4,1),(10,30021,'Elisa Sundfors',4,1),(11,30020,'Anna-Maija Wentus',4,0),(13,30121,'Siv Forsell',3,0),(18,30023,'Anne Karjalahti',4,1),(19,30024,'Satu Hongell',4,1),(20,30028,'Emma Biskop',4,1),(21,30029,'Sabina Eriksson',4,1),(22,30032,'Vaula Pohjonen',4,0),(23,31232,'Minna Jutila',4,0),(25,30002,'Mahmoudi Arazu',4,0),(27,30033,'Merja Palomäki',8,0),(30,30034,'Solveig Hägglund',4,0),(32,30051,'Piia Sämpi',4,1),(33,9511,'Janette v.Bonsdorff',4,1),(34,9512,'Emmi Tiensuu (MSH)',4,1),(35,5267,'Satu Furu',3,0),(36,30111,'Tanja Heinua-Hilli',3,1),(37,30041,'Pirjo Heikkilä',2,1),(38,30106,'Vakanssi Rasmuksella (Pirnes)',3,0),(39,30107,'Vivan Dahl',3,0),(40,30043,'Miia Junkala',4,0),(41,31242,'Terhi Kinnunen',2,0),(42,31243,'Iida Hakola',4,0),(43,31245,'Riitta Molander',2,1),(44,31246,'Tiina Luoto (käytetään sissinä)',2,0),(46,8605,'Piia Törmänen',3,1),(48,30046,'Nhi Vu-Hagström',15,1),(52,30105,'Päivi Jänkälä',3,0),(53,5202,'Maria Kivistö',3,0),(56,30117,'Emmi Karkkola',3,0),(58,301190,'Anu Kivijärvi',3,0),(62,20176,'Sirpa Haukirauma',2,1),(63,5179,'Päivi Övermark',3,1),(64,5268,'Tarja Malinen (MTH)',4,1),(67,300321,'Jenni Peltokorpi',4,0),(68,300322,'Marianne Varila',4,1),(70,5190,'Tuija Kivijärvi',3,1),(71,5191,'Hilla-Mari Alaspää',3,1),(72,5194,'Tom Eklund',3,0),(73,5195,'Maria Pekola',3,1),(74,5196,'Kati Thylin',3,1),(75,5197,'Ulla Syri',3,1),(76,5198,'Raija-Liisa Löfström',3,1),(77,5199,'Helena Björklund',3,1),(78,5200,'Sara Johansson',3,1),(79,5201,'Mira Haapa-Aho',3,1),(80,5226,'Ros-Marie Rasmus',3,1),(81,5227,'Riikka Kuusisto',3,1),(82,5228,'Jenna Ihalainen',3,0),(83,6516,'Avoin',9,0),(84,6528,'Marke Parpala',9,0),(85,8600,'Sanna Ruotsala',4,1),(86,8611,'Heli Rautiainen',4,1),(87,9508,'Sari Piispanen',12,1),(88,9612,'Satu Torppa',3,1),(89,9667,'Virpi Gåsström',21,1),(90,9666,'Satu Aho ',21,1),(91,5272,'Jens Lönnbäck',12,0),(92,5265,'Ulla Enfors',3,1),(93,9428,'Riikka Sikkilä',4,1),(94,9429,'Sisko Alakotila',4,1),(95,5203,'Heidi Järviaho',3,1),(96,5204,'Mervi Valta',3,1),(97,5206,'Jenni Pehkonen',3,1),(98,5217,'Satu Väisänen',3,1),(99,5218,'Liisa Palola',3,0),(100,5229,'Marjukka Läspä',3,1),(101,5230,'Johanna Linna',3,1),(102,8604,'Katja Isopahkala',4,1),(103,5240,'Lina Thylin',3,1),(104,5231,'Pirjo Alanko-Takala',3,1),(105,5209,'Tatu-Antti Hylkilä',3,1),(106,5211,'Margit Jukkola',3,1),(107,9784,'Kirsi Marttila (MTH)',4,1),(110,5736,'Carola Laasasenaho',13,1),(111,5738,'Katja Koivukoski',13,1),(112,5744,'Armi Mäkelä',13,1),(113,7513,'Heidi Kaustinen',13,1),(117,30048,'Sanna Kivinen',15,1),(122,20645,'Henna Lohilahti',22,1),(123,30042,'Saara Kalliokoski',22,1),(124,31250,'Vuokko Karjula',22,1),(125,31249,'Eveliina Mäkelä',22,1),(126,30044,'Katja-Maaria Kaakinen',22,1),(129,30129,'Harriet Stordahl',3,0),(130,31251,'Jane Koivukoski',22,1),(133,31254,'Pieta Kvist',3,1),(134,31255,'Jenna Tuomikoski',3,1),(135,31253,'Eija Hotakainen',3,1),(136,31256,'Annika Kamula',3,1),(137,31364,'Katja Rantala',3,1),(138,300681,'Marjo Kalliokoski',4,1),(139,31440,'Marika Ilmarinen',3,1),(140,31439,'Harriet Stordahl2',3,0),(142,5236,'- Coronapuhelin',4,1),(143,31441,'Jenni Kuja-Kyyny',3,0),(144,31450,'Noora Lounatjoki',3,0),(146,30104,'Elina Mäntykorpi',3,1),(147,30006,'Tiina Sandkvist',3,1),(148,30039,'Susanne Känsäkangas',4,1),(151,30030,'Carola Blomqvist',4,1),(152,30003,'Sein Maung',4,1),(153,31247,'Sannaliisa Finfolm',4,0),(154,31238,'Tiina Marjanen',4,1),(158,301250,'Tiia Viirimaa',3,1),(159,30005,'Anne Hietala',4,1),(161,30119,'Sanna Pajukangas',3,1),(162,5234,'Kim Corin',3,1),(163,31470,'Kaisa Solajoki',22,1),(164,2310,'Oper eval 1',32,1),(165,31445,'Erika Byggmästar',3,1),(166,2302,'Med eval 1',32,1),(167,11113,'Perhe eval 1',32,1),(168,2303,'Oper eval 2',32,1),(169,2306,'Oper eval 3',32,1),(170,2307,'Oper eval 4',32,1),(171,2311,'Oper eval 5',32,1),(172,31531,'Oper eval 6',32,1),(175,2304,'Gyn eval 2',32,1),(176,31538,'Gyn eval 1',32,1),(177,2607,'Tesa eval 2',32,1),(178,2309,'KNK eval 1',32,1),(179,31540,'ANE eval 1',32,1),(180,2608,'Tesa eval 3',32,1),(181,2609,'Tesa eval 4',32,1),(184,31545,'RTG eval 2',32,1),(185,31546,'RTG eval 3',32,1),(186,31548,'PÄIV eval 1',32,1),(188,2305,'Med eval 2',32,1),(189,31536,'Med eval 3',32,1),(190,31537,'Med eval 4',32,1),(191,2308,'Tesa eval 5 ?',32,1),(192,2301,'Med eval 5',32,1),(193,31737,'PÄIV eval 2',32,1),(194,5183,'Antti Nurmikoski',3,1),(195,5184,'Milla Jaakkola',3,1),(196,5238,'Pamela Storbacka',3,1),(197,5182,'Harriet Stordahl3',3,1),(198,31550,'PÄIV eval 3',32,1),(199,31782,'Gyn eval 3',32,1),(200,20128,'Minna Myllymäki',4,0),(202,5235,'Elina Nissilä',3,1),(203,5170,'Pauliina Tolonen',3,1),(204,300332,'Matias Kukkola',4,1),(205,31853,'Tiia Mäkelä',4,1),(206,31827,'Mira Kerminen-Hakkio',3,0),(207,31852,'Susanne Sandberg',4,1),(208,31850,'Essi Kivelä',4,1),(209,31851,'Leena Koivukoski',4,1),(210,31841,'Liisa Kuorikoski',4,1),(212,30130,'Iiris Dahl',34,1),(213,31840,'Teemu Jääskä',4,1),(214,31839,'Arttu Sarja',4,1),(215,30474,'Suvi Puputti',3,1),(217,20116,'Astrid Pelt',4,1),(218,31854,'Sonja Hirsikangas',4,1),(219,31831,'Satu Furu *',3,0),(220,31838,'Jussi Kentala',4,1),(222,31837,'Susanne Bjökskog',4,0),(224,9925,'Niina Yli-Hukka',4,1),(227,9509,'Seppo Anttila',4,1),(228,201281,'Annamari Valtonen',4,1),(229,32244,'Taija Pohjonen',4,1),(230,32243,'Toni Siironen',4,1),(231,5185,'Kirsi-Maria Kujala',3,1),(232,32252,'Juulia Paloranta',3,0),(233,32249,'Julia Leskelä',3,1),(234,32250,'Mika Poranen',3,1),(235,30062,'Sari Parhiala',4,1),(236,32245,'Crista Koivula',4,1),(237,5120,'Sabina Söderberg',3,1),(238,30275,'Marja-Liisa Rahkola',4,0),(239,31416,'Anne Markkanen',4,0),(240,5187,'Leni Saari',3,1),(241,9340,'Johanna Lebeitsuk',3,1),(242,9341,'Lotta Lindberg',3,1),(243,9342,'Isak Norrman',3,1),(244,9343,'Ann-Sofi Sahlgren',3,1);
/*!40000 ALTER TABLE `reservilainen` ENABLE KEYS */;
UNLOCK TABLES;

--
-- Table structure for table `sihteeri`
--

DROP TABLE IF EXISTS `sihteeri`;
/*!40101 SET @saved_cs_client     = @@character_set_client */;
/*!40101 SET character_set_client = utf8 */;
CREATE TABLE `sihteeri` (
  `id` int(11) NOT NULL AUTO_INCREMENT,
  `vakanssinumero` int(11) NOT NULL,
  `nimi` text NOT NULL,
  `nimike_id` int(11) NOT NULL,
  `aktiivinen` tinyint(1) NOT NULL,
  PRIMARY KEY (`id`),
  KEY `nimike_id` (`nimike_id`)
) ENGINE=InnoDB AUTO_INCREMENT=130 DEFAULT CHARSET=latin1;
/*!40101 SET character_set_client = @saved_cs_client */;

--
-- Dumping data for table `sihteeri`
--

LOCK TABLES `sihteeri` WRITE;
/*!40000 ALTER TABLE `sihteeri` DISABLE KEYS */;
INSERT INTO `sihteeri` VALUES (1,9573,'Mira Kalliokoski',6,1),(2,31157,'Kirsi Loukiainen',23,1),(3,9551,'Anne Pohjola',6,1),(4,9919,'Anne Erkkilä',25,1),(5,9552,'Anne Pyysalo',6,1),(6,9603,'Sanna Karlsson',6,1),(7,9589,'Satu Päivärinta',6,1),(8,9596,'Elina Åkerblom',6,1),(10,9576,'Jaana Kantola',6,1),(11,9574,'Sirpa Tornikoski',6,1),(13,9605,'Katariina Haapalehto',6,1),(14,31159,'Hanna Koivisto',6,1),(15,31173,'Mira Malinen',6,1),(16,31174,'Marika Nyberg',6,1),(17,31175,'Marika Hirvi',6,1),(18,20449,'Maj-Britt Peltoniemi',6,1),(19,31176,'Tiina Viirret',23,1),(20,31339,'Janet Kalliokoski',23,1),(21,31178,'Pirjo Peltokangas',23,1),(22,20443,'Anja Luhtio',23,1),(25,3118,'Helena Noon',23,0),(28,20054,'Päivi Torppa',23,1),(29,31165,'Anne Kankkonen-Puumala',23,1),(30,31155,'Tarja Lindberg',24,1),(31,9942,'Ulla Saarijärvi',24,1),(32,9951,'Marika Andersson',24,1),(33,9570,'Hannele Varila',6,1),(34,9568,'Miia Kylkisalo',6,1),(35,31158,'Kia Niskala',23,1),(36,31171,'Kirsi Katajaniemi',23,1),(37,31160,'Jaana Heikell',23,1),(38,31161,'Jaana Pikkarainen-Haapasaari',23,1),(39,31162,'Sari Rantala',23,1),(40,31163,'Kaj Westmark',23,1),(41,31164,'Kristiina Kaustinen',23,1),(42,31166,'Maria Nyström',23,1),(43,31167,'Karin Westman',23,1),(44,31168,'Mirva Kuusisto',23,1),(45,9617,'Marjut Huhtala',6,1),(46,9615,'Jenna Järvelä',6,1),(47,9550,'Satu Myllymäki',6,1),(48,9597,'Marja Wikström',6,1),(49,9584,'Janika Kankainen',6,1),(50,9591,'Riitta Sillanpää',6,1),(51,9571,'Satu Maunumäki',6,1),(52,9562,'Silja Kattilakoski',6,1),(53,9560,'Ulla Alanen',6,1),(54,9561,'Tiina Salmen',6,1),(55,9559,'Johanna Alatalo',6,1),(56,9563,'Marika Andersson-Petäjä',6,1),(57,31378,'Susanna Peitso',6,1),(58,9582,'Tarja Tolonen',6,1),(60,9566,'Iida Malmi',6,1),(61,9581,'Päivi Lassila',6,1),(62,9553,'Minna-Liisa Wargh',6,1),(63,9586,'Miia Anttila',6,1),(65,9558,'Hanna-Leena Parttimaa',6,1),(66,9607,'Sirpa Norppa',6,1),(67,9555,'Riikka Roiko',6,1),(68,9009,'Marinka Sundbäck',6,1),(69,9572,'sissi',6,1),(70,9588,'Minna Ström',6,1),(71,9590,'Terese Pekkari',6,1),(72,9618,'Heidi Korri',6,1),(73,9577,'Riitta Lahti',6,1),(74,9587,'Marja-Riitta Koski',6,1),(75,9583,'Seija Kauppinen',6,1),(76,31181,'Linda Hakala',23,1),(77,31354,'Hillevi Kopsala',23,1),(78,9593,'Kristiina Hotakainen',6,1),(79,9579,'Erja Kåla',6,1),(80,9557,'Marjo Lahti',6,1),(81,9592,'Kaija Kuusjärvi',6,1),(82,9564,'Topi Rentola',6,1),(83,30142,'Marko Piispanen',25,1),(84,30144,'Sari Klemola',25,1),(85,9911,'Leila Juujärvi',25,1),(86,9912,'Jaana Johansson',25,1),(87,9917,'Tiina Saarenpää',25,1),(88,9915,'Pirjo Miettinen',25,1),(89,9918,'Mikaela Smeds',26,1),(90,9920,'Päivi Mäkelä',25,1),(91,9913,'Anette Klemola',25,1),(92,9916,'Päivi Torvi',25,1),(93,9922,'Saana-Leena Hakala',25,1),(94,9614,'Hanna-Leena Herlevi-Koskimies',6,1),(95,9824,'Leena Viinamäki',25,1),(96,30140,'Eija Jyrkkä',25,0),(97,30141,'Gunnel Dalhem',25,1),(98,30143,'Johanna Mäkelä',6,1),(99,20032,'Kirsi Pihlainen',25,1),(100,9899,'Mia Store',26,1),(101,31820,'Avoin',23,0),(103,20006,'Sari Merilänen',23,1),(104,9616,'YlimMed/Tiina',6,0),(106,51004,'Ylimääräinen Terveys',6,1),(107,51002,'Ylimääräinen Kirjoitus',25,1),(108,51003,'Ylimääräinen sosiaali',23,1),(110,31180,'Laura Haavisto',6,1),(111,10092,'Maarit Lahti',6,1),(112,9611,'Pirjo Anttila',6,1),(113,31177,'Kaarina Kero',6,1),(114,9619,'Marianne Göös',6,1),(116,9610,'Sari Bergman',6,1),(117,31758,'Jenni Rintala',6,1),(118,1111,'Susanna Junkala',23,1),(119,51001,'Virtuaali',6,1),(120,1122,'Virtuaali 1',6,1),(121,1123,'Virtuaali 2',6,1),(122,1133,'Nanne Kuivanto',25,1),(123,31856,'Veronica Kero',6,1),(124,31857,'Tanja Yli-Jylhä',6,1),(125,31860,'Riitta Huolman',23,1),(127,9595,'Anna Typpö',6,1),(128,31858,'Jonna Nygård',6,1),(129,31859,'Iina-Amanda Brandt',6,1);
/*!40000 ALTER TABLE `sihteeri` ENABLE KEYS */;
UNLOCK TABLES;

--
-- Table structure for table `kayttaja`
--

DROP TABLE IF EXISTS `kayttaja`;
/*!40101 SET @saved_cs_client     = @@character_set_client */;
/*!40101 SET character_set_client = utf8 */;
CREATE TABLE `kayttaja` (
  `id` int(11) NOT NULL AUTO_INCREMENT,
  `tunnus` varchar(50) NOT NULL,
  `salasana` varchar(50) NOT NULL,
  PRIMARY KEY (`id`)
) ENGINE=InnoDB AUTO_INCREMENT=282 DEFAULT CHARSET=latin1;
/*!40101 SET character_set_client = @saved_cs_client */;

--
-- Dumping data for table `kayttaja`
--

LOCK TABLES `kayttaja` WRITE;
/*!40000 ALTER TABLE `kayttaja` DISABLE KEYS */;
INSERT INTO `kayttaja` VALUES (1,'admin','4886306ef75575fffb29861ee75f63a0'),(3,'Hanski','39b5e05ae329a2b32ad3f1f5a95c5ba9'),(4,'juha','f56d4448ba43e3b968f8a85f116c3cff'),(51,'oper','fd154ffe305c26b5004231ff709bd1b8'),(52,'Pazi','025c28096d84ddb0ecb3812c2e1c4863'),(53,'Teija','7578ede3a66dd8d1dd6df5f2711a6db7'),(54,'Jokilaaksot','303431955542773fd15fc8586b259d2d'),(55,'psyk','a0b5faaf3abed0e1d0e4196756f5841d'),(56,'Piiap','67cb92bf6712f48eb6badea876050471'),(62,'Ensi','9b09f695cd4d7559c8b0291549e0333f'),(63,'Kehva','3ec8404fa92eafc066478469ef39d42f'),(66,'hhkla','f14d97ecd90df0e1d2901fa396ebb2d8'),(69,'katja','8e2219ccb0dd3f9942a6901c0767a834'),(72,'Hanna','495bc120ab2adb0e9e7653b46b4ee57c'),(73,'Mari','9a2df29a402aec855313eea7ede842f0'),(75,'somat','7855f9dfd846adfd93aabd1921bfdfcd'),(77,'terhoi','598dc4dcbda25c380ca1b6a43836d0a0'),(80,'optimointi','f864c959436d23b0659a023aa1bfa3e9'),(81,'mervi','121f91f11ad6f1657efe9a80f62d6bae'),(85,'MiaK','0437dee92dd66e15e2a6be64d4e56af6'),(86,'Karita','1a50eb0c400842064c8710929656e5f2'),(87,'mirka','7ce8acaad7f2f88875167bb24165d4cb'),(89,'Maria','95021724c3acfab92feecc6952189414'),(91,'kai','029532cb135ad51678f1686734309959'),(92,'Y0esi','294a0a8ef4f145f24198613f443cb2ba'),(93,'Y1esi','44b29b3c085a0703848c6b25c230c6e8'),(94,'8esi','99ccaf0cce8d1d554be226ea10f409c6'),(95,'9esi','38617bd9ac9340316adaa4de2e3e6c22'),(96,'NEKUesi','767bbfee1ece2198c73a0dc153a115c4'),(97,'VOesi','b10d28ad9376be19ace6f32ff28e3502'),(98,'SUUesi','dc6a183442484112744d38bcda5ea662'),(99,'ERIesi','f9d3fe71fa01daaadcf431baf4b1332c'),(100,'medpoli','64eb7190536b039a0c9f2665d444a557'),(103,'PaziArki','15791b3ddfbde7192847023954c22231'),(105,'Riikka','aaf4bd09a9c5d27e624cea207689041b'),(106,'katja2','abc68332dac2b2836cd27cc89095346e'),(107,'YleEsim','477c4bb33bc6879d6301373835be8f48'),(108,'EsiKehva','631eee235191bbcbaba61130dda9ba6d'),(109,'EsiPalv','0ce219358222b244e72a47fdb5a59e02'),(110,'taru','554b23810065f110ca8a156b6e47d345'),(111,'EsiHammas','f58a8fa3d675978d1fc5f161b3d76206'),(112,'maija','c07b82c18a0b0cd917291d8225e11178'),(114,'Esilanu','1831ac381f6104a873ed34923723ca07'),(116,'lapoverso','c7c9d98bcccc9c025fecec2be96755ad'),(117,'Esipsyk15','9338e3b788dbc50e9ea8e795784e5fb6'),(118,'Esipäihde','c2e15896cc52c95106aed75e59f08894'),(120,'Esipsykavo','9d0999de7a23b73710716c2674735f9b'),(121,'Esimaka','8f62cdd0fce915c4af98d948b4f57c49'),(122,'Esimaru','7c4ae7b3a1ef1f309332fa37277b03e3'),(123,'Esipil','4bf76dc39fa716ffc7b63e4379df44ea'),(124,'Esimesi','e80942fbe9d565b7d9ffb4a303b9646f'),(125,'Esilum','9ad03e4ae3386da19c189179f840d816'),(126,'Esikom','0648af8775eb91f646ee3fce88e11a82'),(127,'esihhkla','8c1ce3f6b5430d6c28f94e484b6f355d'),(129,'Esiter','fa9fdc55631ef7aac0c84cb6ec3051cd'),(130,'Esiavo','16046371cc3ccab11257d2535846620a'),(131,'Esiyhtp','b419b0e67a4df0da8e206be99e9a398d'),(132,'Esiteho','2f67519774f59bbc73acf86367c76cdc'),(133,'Esios107','53a9ca208138c1a9f8c7c4c5cf9a2e41'),(134,'Esios3n','09be30cdecce30862cc934f53d8fc4db'),(135,'Esios1','6c3c0675c45b4f9860653541ef205d5f'),(137,'hanski1','39b5e05ae329a2b32ad3f1f5a95c5ba9'),(138,'Infektio','9acc2a38cac6119c62245f10eb4db280'),(139,'Esiman','c5b48a84043fd48a0a5defbe3d13980f'),(141,'rebecca','27b25abd21d22996071ccd98996ceb83'),(142,'Susanna','203b7231d5c3f12292cfb48da69a73a0'),(143,'intoESI','c171f851fb1547879077bc4abe8014a3'),(144,'HeidiG','cc1940c900618de0db5e476ba61d9dda'),(145,'Yles','0e4ca9292d792f8176bfe497e9af57b4'),(146,'Meds','d067668e63be0bf9d84fb57ece6f9548'),(147,'Vottos','eec74d93179b9d27467e7751f153fd31'),(148,'Suus','75a82be44e7be4095432a49334a0e359'),(149,'Intos','58e5d4507d8a7ea5838a6b4d49b73707'),(150,'Tekos','e80be8928e0c07ecc820ba1f48004704'),(151,'KSKlas','61dfbb94506b35fec327723c082bfeb6'),(152,'Yle1','1fbf08cbf051d64c12b94c2aa48d9f3e'),(153,'Yle0','1f98aabd241d6e9378dae27afcbfa7c6'),(154,'Os8','c0919b4014c6d5b71e6f249ae4daf7ea'),(155,'Os9','746fba4236374b51f4db63e40cdc5442'),(156,'Neku','f3b0e4f49fcfcce3e232e88bc6ee49c1'),(157,'VoKla','f0f4538e3f84ccc4b067dbb6ab9fb9ea'),(159,'SuuTH','03049c5b39f2d7811d8b2d5fa0319652'),(160,'Infyk','9c3b46bfaa5d3df8a515800cfd56539c'),(161,'Medpo','38b8b33915d806a3848ecf9aad66f31d'),(162,'Teko','011464b9863b33e189e83909b812811b'),(163,'KSKla','210553989dd5b3f53c2843ee90454456'),(164,'Neupo','3edcdfbb00e01ffef0de56a9831ddfb2'),(165,'sari','a87bcf310c4fdf2a80f2f3d97f1f9424'),(166,'sari2','96278e4b27433689c8f5133d4badc940'),(167,'jalmiina','2714c5b3eb8bdf89499b5c152fe1b332'),(168,'aamurusko','0a0d7663d6de389c2e748fcf8632af38'),(169,'pertoi','629956deca9a9d0799fac71ae3d00ada'),(170,'markoh','b734b4135227de9e43c0c2dad852722f'),(172,'kannelma','28c6b08f9fd5bb6b0886ad9fd3827ba1'),(173,'halvampa','afd218a65486788b6584c1e3d3b583c7'),(174,'teijah','3d40348ce2b21bc48f33abfe91005065'),(175,'yletunkkari','56feeea9ef350df688ba63960ed6477f'),(176,'saril','46dcb97b735099848b5b2639641d3f8e'),(178,'pkotsa','2aabb912fdf03b542f6c63fed00bb2d7'),(179,'harjukoti','612c021fc6864e31bb3be1866d92ce8c'),(180,'kaisap','6bf896eb4d1a85fcde62e6542e5af991'),(181,'kuntola','51d6c3e0f9bf9765cf3ef90095accd99'),(182,'iltarusko','d88ccabf78faa891dbb223ef6317f9e0'),(183,'marjukka','8823b192bb7553c6a00cf1a35ea7bb92'),(184,'tanjal','c5148129a593e05869c47282289f05ba'),(185,'hopijakumpu','c8c50739986ea1a8835193128a744c91'),(186,'ylekannus','f1a821485f303833bb5a228c434ef6f8'),(187,'tiinam','600174aef5a13f953420dc18e2013f33'),(188,'lkotsa','73f6f8edfe6d1c0540f6eae1cfc20835'),(189,'pesäpuu','0dcd4e04fff37fc4d1d659e514eee417'),(190,'kopsala','cf60409937a57dd79a8cedcd658c55a6'),(191,'kotipirtti','72fafb9e428ebb096ab7c4cbb099af6c'),(193,'katariina','e2e48bdbb6aeddb668e035a23c47f5bb'),(194,'valkama','96b40676f5c490ce16f871430fdfe756'),(195,'männistö','18490e51f8d288f239339aaf5ef46808'),(196,'vastopjoki','ed6443e840a8c6438eb9c20cb7fae64a'),(197,'vastoljoki','98f75a3a731f6744d940500eba6220be'),(198,'hhklas','e96eedec0fab84775a965772253cb637'),(200,'Esihonka','d85a30b8b21e6b3f0704a6dddaef2e2a'),(201,'Esiventus','3c6570ff1bb561dce8eef08ce42190e3'),(203,'Esiterva','18df9c08bc3de1312bc8d6b5b5efe4d5'),(204,'Esilepor','0bec125a918a975837f1139066577d6a'),(205,'Esilepola','dd970c9cdde1b561a46f539805644da1'),(208,'Honka','5e2f8180d6b7599e25bd2656f333e19d'),(209,'Ventus','ea158a9aa13a3913bf6b0de3209ac7fe'),(212,'Lepor','0ff8f310dbb7e3fe2e123a95f79dc95e'),(213,'Lepola','dd89e01063d3c536710602486a4f16be'),(215,'hennak','598481f7b4d9227fa9f21e891cd1811c'),(216,'puoli','71260b0432d4f1df084fd4dda63aba7b'),(218,'kirsi','f4b17c14e09fdd3b17b71408a7bbb76f'),(219,'essi','02ac913575fee22c143f1a5895d8035e'),(220,'Rad','1d9a8ab863064e5b54a8a7641160cf3f'),(223,'med','13ef5c81456025c8b950526e5b395d4d'),(224,'votto','d9f9649d2d3b0f4ba48c78b85331f153'),(225,'into','b971be0e2e7176b90d5501eca32a0226'),(226,'suu','be1210d8fc1cd60c79abe0b68a036660'),(227,'eriavo','6d4a25f330f61430e6191d33edf1c5ad'),(229,'suvih','b8b5e72b3d1fadfb7e480d8531367bcb'),(230,'annika','fe3be36bccbe5ea96bfba2e631fda48f'),(232,'Tervis','2d310d92d97e48f606c79a7f31a42abb'),(233,'rasmus','dd855aa8fab0bda0c338161bba2a7133'),(235,'NiinaK','bb668de68d9b1e3c4184d808460fb9fd'),(236,'PirkkoS','5feac0c607867ae2364d151de1c33daa'),(237,'EVAL','1f8cb46fe06733d6f0dd650117e6ab66'),(238,'MarjoSalo','34f8a10ae57ac230a48fc44908bd40ad'),(240,'Siht','20ea9ae455aa3ae6d7c47da3ab2d7ebd'),(241,'soso','d0717f47123f763c266ca3a759dcaf30'),(242,'aiksost','696cc31f78d5b492872087a9cb847988'),(243,'aiksosesi','4dc95c0a70e52cb96a12feb32f32642d'),(244,'tervsos','32882042be3f6a1d4ca9a599877e12a8'),(245,'teso','ecd64c5676c81288edb20acc7a4e04bb'),(246,'saraste','ff50732c6bf7b819e1f3734bd81a6426'),(247,'sarasteesi','6505f200ea9cb2e0129f0ec7950ea53f'),(248,'vampato','8c6723bb1a7e2ad43ee8ed0a0d104bd5'),(249,'vatoesi','e1d46bedcd5c602296fef1320e2e4576'),(250,'vastoljoki2','d78059f6caf23c97fc43398977e0a24e'),(251,'yle','300bf52dd231262bc2b99237e727246d'),(252,'PiaKän','9d02cbfd207077ccf909f2b5661cfec5'),(254,'Esifiona','8a6e4ddd61cbe366781d29c1099e9773'),(255,'suvihaa','e2e1fe2a6e7d12e3f4799d857b5a5ef6'),(256,'riikkas','3a4aff0e2b42a0c3e9147281e63306f2'),(257,'sanna-l','fc916763d1f40be0ee7777d8eaf8a7fc'),(258,'elisa','df7f3018fb42f5e355f8a49c83410143'),(259,'esipersos','1edd4983873ecf6201c21f88ad2d8d54'),(260,'perhsos','be21d6cc039e545031d34386084c7375'),(261,'Testi','4f4468491d2f6511043d73dbd240b2b6'),(263,'marjah','71dafff1afe917563496c5b5632df7b0'),(264,'pauliina','12f38bb63c4ccee47e9b335228593041'),(265,'solesi','386b3e726da6ab559a48c9d46b3e9d11'),(266,'katagården','5136d9165faaab7fb251b96ec9286da0'),(267,'kboende','a99744ce623620b0e2f28392609d7f25'),(268,'soldag','deaedd47c6f0d6c5585842cd933b671c'),(269,'MiraA','dc88f4bf203cb1a1f40af819f43247ab'),(270,'esimieku','ee0293f06adb2ae362b6de4f4297f2af'),(271,'caritam','34edd7e52594bd24e5ccbfd43862cb76'),(272,'idame','44e7f92ba621ba53f88001ffbf723338'),(273,'ensiesi','a31b1682e78db5e99b583ca14237376d'),(274,'pajus23','660a56813de3116b70c0fed2e7a485cc'),(275,'MarikaA','6654dd2588a5befaf89b273269d37c8b'),(276,'paulak','52ffa224ac032877fc6d39790540957a'),(277,'Esifys','f47058fdf8fa84abab45469e9191385b'),(278,'fyst','81dd74dd96873d03077622c74bf9b99f'),(279,'esisiht','d1dcbed34acdecad29f6edccb34a1a25'),(280,'jarno','9e89393c5dc3089711fea5d99d37195c'),(281,'esipajala','5657d16092ab08712e0ddfca2f533b69');
/*!40000 ALTER TABLE `kayttaja` ENABLE KEYS */;
UNLOCK TABLES;

--
-- Table structure for table `kayttajatoimialue`
--

DROP TABLE IF EXISTS `kayttajatoimialue`;
/*!40101 SET @saved_cs_client     = @@character_set_client */;
/*!40101 SET character_set_client = utf8 */;
CREATE TABLE `kayttajatoimialue` (
  `id` int(11) NOT NULL AUTO_INCREMENT,
  `kayttaja_id` int(11) NOT NULL,
  `toimialue_id` int(11) NOT NULL,
  PRIMARY KEY (`id`),
  KEY `kayttaja_id` (`kayttaja_id`),
  KEY `toimialue_id` (`toimialue_id`)
) ENGINE=InnoDB AUTO_INCREMENT=15463 DEFAULT CHARSET=latin1;
/*!40101 SET character_set_client = @saved_cs_client */;

--
-- Dumping data for table `kayttajatoimialue`
--

LOCK TABLES `kayttajatoimialue` WRITE;
/*!40000 ALTER TABLE `kayttajatoimialue` DISABLE KEYS */;
INSERT INTO `kayttajatoimialue` VALUES (9218,169,15),(9219,169,10),(9220,169,33),(9221,169,27),(9222,169,32),(11858,237,2),(11859,237,3),(11860,237,4),(11861,238,2),(11862,238,3),(11863,238,4),(11864,138,34),(11865,160,34),(11866,225,34),(11868,240,32),(11870,155,32),(11871,154,32),(11872,164,32),(11874,156,32),(11875,146,32),(11877,223,32),(11878,161,32),(11880,242,22),(11882,94,32),(11884,244,22),(11885,246,22),(11886,260,22),(11887,243,22),(11888,248,22),(11890,249,22),(12215,168,20),(12216,168,30),(12217,168,12),(12218,168,25),(12219,168,28),(12253,175,20),(12254,175,12),(12255,175,25),(12256,175,28),(12257,145,18),(12258,186,20),(12259,186,11),(12260,186,25),(12261,186,27),(12269,152,18),(12270,153,18),(12271,251,32),(12272,251,18),(12274,92,18),(12275,147,26),(12276,224,26),(12277,157,26),(12279,209,10),(12280,209,17),(12281,209,16),(12282,209,13),(12283,209,15),(12284,209,14),(12291,250,11),(12292,250,27),(12293,197,20),(12294,197,11),(12295,197,25),(12296,197,27),(12297,194,20),(12298,194,11),(12299,194,25),(12300,194,27),(12301,261,32),(12302,261,31),(12304,232,15),(12305,77,21),(12306,150,20),(12307,162,20),(12448,159,29),(12449,148,29),(12451,226,30),(12452,226,29),(12666,216,11),(12667,216,25),(12668,55,23),(12669,178,20),(12670,178,30),(12671,178,12),(12672,178,25),(12673,178,28),(12719,189,20),(12720,189,30),(12721,189,12),(12722,189,25),(12723,189,28),(12775,195,20),(12776,195,11),(12777,195,25),(12778,195,27),(12864,188,20),(12865,188,11),(12866,188,25),(12867,188,27),(12875,213,10),(12876,213,17),(12877,213,16),(12878,213,13),(12879,213,15),(12880,213,14),(12881,212,10),(12882,212,17),(12883,212,16),(12884,212,13),(12885,212,15),(12886,212,14),(12887,116,9),(12888,116,23),(12889,181,20),(12890,181,12),(12891,181,25),(12892,181,28),(12893,151,20),(12896,163,20),(12897,191,20),(12898,191,11),(12899,191,25),(12900,191,27),(12913,63,24),(12972,172,20),(12973,172,30),(12974,172,12),(12975,172,25),(12976,172,28),(13029,167,20),(13030,167,30),(13031,167,12),(13032,167,25),(13033,167,28),(13034,149,34),(13038,182,20),(13039,182,12),(13040,182,25),(13041,182,28),(13042,185,20),(13043,185,11),(13044,185,12),(13045,185,25),(13046,185,27),(13047,185,28),(13048,208,10),(13049,208,17),(13050,208,16),(13051,208,13),(13052,208,15),(13053,208,14),(13054,208,25),(13055,198,10),(13056,198,17),(13057,198,16),(13058,198,13),(13059,198,15),(13060,198,14),(13152,179,20),(13153,179,12),(13154,179,25),(13155,179,28),(13223,173,20),(13224,173,30),(13225,173,12),(13226,173,25),(13227,173,28),(13347,227,20),(13386,230,19),(13387,230,33),(13388,230,20),(13389,230,6),(13390,230,30),(13391,230,29),(13392,230,10),(13393,230,17),(13394,230,16),(13395,230,13),(13396,230,15),(13397,230,14),(13398,230,11),(13399,230,12),(13400,230,34),(13401,230,1),(13402,230,24),(13403,230,25),(13404,230,21),(13405,230,9),(13406,230,23),(13407,230,22),(13408,230,32),(13409,230,5),(13410,230,26),(13411,230,27),(13412,230,28),(13413,230,18),(13414,230,35),(13415,230,31),(13416,66,10),(13417,66,17),(13418,66,16),(13419,66,13),(13420,66,15),(13421,66,14),(13422,66,34),(13531,196,20),(13532,196,12),(13533,196,25),(13534,196,28),(13633,266,24),(13634,267,24),(13635,268,24),(13646,54,20),(13647,54,30),(13648,54,13),(13649,54,14),(13650,54,11),(13651,54,12),(13652,54,25),(13653,54,27),(13654,54,28),(13719,95,32),(13720,1,19),(13721,1,33),(13722,1,20),(13723,1,2),(13724,1,3),(13725,1,4),(13726,1,6),(13727,1,30),(13728,1,29),(13729,1,10),(13730,1,17),(13731,1,16),(13732,1,13),(13733,1,15),(13734,1,14),(13735,1,11),(13736,1,12),(13737,1,1),(13738,1,24),(13739,1,25),(13740,1,21),(13741,1,9),(13742,1,23),(13743,1,22),(13744,1,32),(13745,1,5),(13746,1,26),(13747,1,27),(13748,1,28),(13749,1,18),(13750,1,34),(13751,1,35),(13752,1,36),(13753,1,31),(13789,99,19),(13790,99,20),(13791,99,10),(13792,99,17),(13793,99,16),(13794,99,13),(13795,99,15),(13796,99,14),(13797,99,11),(13798,99,12),(13799,99,18),(13800,130,24),(13801,254,10),(13802,254,17),(13803,254,16),(13804,111,30),(13805,111,29),(13806,127,10),(13807,127,17),(13808,127,16),(13809,127,13),(13810,127,15),(13811,127,14),(13812,200,10),(13813,200,17),(13814,200,16),(13815,200,15),(13816,108,20),(13817,108,11),(13818,108,12),(13819,108,25),(13820,108,27),(13821,108,28),(13822,126,24),(13823,114,9),(13824,114,23),(13837,125,24),(13838,121,24),(13839,139,24),(13841,124,24),(13846,133,31),(13847,134,31),(13848,109,20),(13849,109,11),(13850,109,12),(13851,109,25),(13852,109,27),(13853,109,28),(13854,259,22),(13855,123,24),(13856,117,23),(13859,132,32),(13860,132,31),(13861,129,21),(13862,203,10),(13863,203,17),(13864,203,16),(13865,203,13),(13866,203,15),(13867,203,14),(13868,201,10),(13869,201,17),(13870,201,16),(13871,201,13),(13872,201,15),(13873,201,14),(13874,131,32),(13875,131,18),(13876,131,31),(13973,215,20),(13974,215,11),(13975,215,12),(13976,215,25),(13977,215,28),(13978,215,34),(13979,143,32),(13980,143,34),(13981,143,31),(14012,91,20),(14013,91,11),(14014,91,27),(14015,91,28),(14072,218,20),(14073,218,30),(14074,218,11),(14075,218,25),(14076,218,27),(14077,218,28),(14078,190,20),(14079,190,30),(14080,190,11),(14081,190,25),(14082,190,27),(14083,190,28),(14084,112,20),(14117,100,32),(14118,81,20),(14119,81,11),(14120,81,12),(14121,81,25),(14122,81,27),(14123,81,28),(14124,85,19),(14125,85,33),(14126,85,20),(14127,85,6),(14128,85,30),(14129,85,29),(14130,85,10),(14131,85,17),(14132,85,16),(14133,85,13),(14134,85,15),(14135,85,14),(14136,85,11),(14137,85,12),(14138,85,1),(14139,85,24),(14140,85,25),(14141,85,21),(14142,85,9),(14143,85,23),(14144,85,22),(14145,85,32),(14146,85,5),(14147,85,26),(14148,85,27),(14149,85,28),(14150,85,18),(14151,85,34),(14152,85,35),(14153,85,31),(14154,269,20),(14155,269,12),(14156,269,25),(14157,269,28),(14165,96,32),(14166,235,20),(14167,235,30),(14168,235,12),(14169,235,25),(14170,235,9),(14171,235,28),(14172,80,20),(14173,80,11),(14174,80,12),(14175,80,25),(14176,80,27),(14177,80,28),(14178,80,34),(14217,103,20),(14218,103,32),(14219,103,18),(14220,103,35),(14221,103,31),(14222,252,26),(14253,236,20),(14254,236,11),(14255,236,12),(14256,236,25),(14257,236,9),(14258,236,28),(14259,220,32),(14260,220,18),(14261,220,31),(14322,105,6),(14323,105,29),(14324,105,24),(14325,105,9),(14326,105,23),(14327,105,32),(14328,105,5),(14329,105,26),(14330,105,18),(14331,105,31),(14332,256,19),(14333,256,33),(14334,256,20),(14335,256,6),(14336,256,30),(14337,256,29),(14338,256,10),(14339,256,17),(14340,256,16),(14341,256,13),(14342,256,15),(14343,256,14),(14344,256,11),(14345,256,12),(14346,256,1),(14347,256,24),(14348,256,25),(14349,256,21),(14350,256,9),(14351,256,23),(14352,256,22),(14353,256,32),(14354,256,5),(14355,256,26),(14356,256,27),(14357,256,28),(14358,256,18),(14359,256,34),(14360,256,35),(14361,256,31),(14392,247,22),(14423,166,20),(14424,166,6),(14425,166,30),(14426,166,13),(14427,166,11),(14428,166,12),(14429,166,25),(14430,166,21),(14431,166,9),(14432,166,27),(14433,166,28),(14439,265,24),(14440,75,19),(14441,75,33),(14442,75,20),(14443,75,4),(14444,75,6),(14445,75,30),(14446,75,29),(14447,75,10),(14448,75,17),(14449,75,16),(14450,75,13),(14451,75,15),(14452,75,14),(14453,75,11),(14454,75,12),(14455,75,1),(14456,75,24),(14457,75,25),(14458,75,21),(14459,75,9),(14460,75,23),(14461,75,22),(14462,75,32),(14463,75,5),(14464,75,26),(14465,75,27),(14466,75,28),(14467,75,18),(14468,75,34),(14469,75,35),(14470,75,31),(14471,142,11),(14472,98,29),(14473,229,19),(14474,229,33),(14475,229,20),(14476,229,6),(14477,229,30),(14478,229,29),(14479,229,10),(14480,229,17),(14481,229,16),(14482,229,13),(14483,229,15),(14484,229,14),(14485,229,11),(14486,229,12),(14487,229,1),(14488,229,24),(14489,229,25),(14490,229,21),(14491,229,9),(14492,229,23),(14493,229,22),(14494,229,32),(14495,229,5),(14496,229,26),(14497,229,27),(14498,229,28),(14499,229,18),(14500,229,34),(14501,229,35),(14502,229,31),(14503,255,19),(14504,255,33),(14505,255,20),(14506,255,6),(14507,255,30),(14508,255,29),(14509,255,10),(14510,255,17),(14511,255,16),(14512,255,13),(14513,255,15),(14514,255,14),(14515,255,11),(14516,255,12),(14517,255,1),(14518,255,24),(14519,255,25),(14520,255,21),(14521,255,9),(14522,255,23),(14523,255,22),(14524,255,32),(14525,255,5),(14526,255,26),(14527,255,27),(14528,255,28),(14529,255,18),(14530,255,34),(14531,255,35),(14532,255,31),(14537,184,20),(14538,184,10),(14539,184,17),(14540,184,16),(14541,184,13),(14542,184,15),(14543,184,14),(14544,184,11),(14545,184,12),(14546,184,25),(14547,184,27),(14548,184,28),(14549,110,20),(14550,110,12),(14551,110,25),(14552,110,27),(14553,110,28),(14585,187,33),(14586,187,10),(14587,187,15),(14588,187,32),(14589,187,27),(14590,187,28),(14591,97,26),(14592,93,18),(14593,107,20),(14594,107,11),(14595,107,12),(14596,107,25),(14597,107,27),(14598,107,28),(14599,107,18),(14601,245,22),(14663,270,22),(14699,135,9),(14700,135,31),(14711,106,20),(14712,106,30),(14713,106,13),(14714,106,14),(14715,106,11),(14716,106,12),(14717,106,25),(14718,106,27),(14719,106,28),(14775,62,33),(14777,274,20),(14778,274,30),(14779,274,12),(14780,274,28),(14806,275,20),(14807,275,30),(14808,275,10),(14809,275,16),(14810,275,13),(14811,275,14),(14812,275,11),(14813,275,12),(14814,275,25),(14815,275,27),(14816,3,19),(14817,3,33),(14818,3,20),(14819,3,6),(14820,3,30),(14821,3,29),(14822,3,10),(14823,3,17),(14824,3,16),(14825,3,13),(14826,3,15),(14827,3,14),(14828,3,11),(14829,3,12),(14830,3,1),(14831,3,24),(14832,3,25),(14833,3,21),(14834,3,9),(14835,3,23),(14836,3,22),(14837,3,32),(14838,3,5),(14839,3,26),(14840,3,27),(14841,3,28),(14842,3,18),(14843,3,37),(14844,3,34),(14845,3,35),(14846,3,31),(14847,137,6),(14848,137,9),(14849,137,32),(14850,137,5),(14851,137,18),(14852,137,37),(14853,137,34),(14854,137,31),(14855,258,19),(14856,258,33),(14857,258,20),(14858,258,6),(14859,258,30),(14860,258,29),(14861,258,10),(14862,258,17),(14863,258,16),(14864,258,13),(14865,258,15),(14866,258,14),(14867,258,11),(14868,258,12),(14869,258,1),(14870,258,24),(14871,258,25),(14872,258,21),(14873,258,9),(14874,258,23),(14875,258,22),(14876,258,32),(14877,258,5),(14878,258,26),(14879,258,27),(14880,258,28),(14881,258,18),(14882,258,37),(14883,258,34),(14884,258,35),(14885,258,31),(14886,219,19),(14887,219,33),(14888,219,20),(14889,219,6),(14890,219,30),(14891,219,29),(14892,219,10),(14893,219,17),(14894,219,16),(14895,219,13),(14896,219,15),(14897,219,14),(14898,219,11),(14899,219,12),(14900,219,1),(14901,219,24),(14902,219,25),(14903,219,21),(14904,219,9),(14905,219,23),(14906,219,22),(14907,219,32),(14908,219,5),(14909,219,26),(14910,219,27),(14911,219,28),(14912,219,18),(14913,219,37),(14914,219,34),(14915,219,35),(14916,219,31),(14917,72,19),(14918,72,33),(14919,72,20),(14920,72,6),(14921,72,30),(14922,72,29),(14923,72,10),(14924,72,17),(14925,72,16),(14926,72,13),(14927,72,15),(14928,72,14),(14929,72,11),(14930,72,12),(14931,72,1),(14932,72,24),(14933,72,25),(14934,72,21),(14935,72,9),(14936,72,23),(14937,72,22),(14938,72,32),(14939,72,5),(14940,72,26),(14941,72,27),(14942,72,28),(14943,72,18),(14944,72,37),(14945,72,34),(14946,72,35),(14947,72,31),(14948,144,19),(14949,144,33),(14950,144,20),(14951,144,2),(14952,144,3),(14953,144,4),(14954,144,6),(14955,144,30),(14956,144,29),(14957,144,10),(14958,144,17),(14959,144,16),(14960,144,13),(14961,144,15),(14962,144,14),(14963,144,11),(14964,144,12),(14965,144,1),(14966,144,24),(14967,144,25),(14968,144,21),(14969,144,9),(14970,144,23),(14971,144,22),(14972,144,32),(14973,144,5),(14974,144,26),(14975,144,27),(14976,144,28),(14977,144,18),(14978,144,37),(14979,144,34),(14980,144,35),(14981,144,31),(14982,272,19),(14983,272,33),(14984,272,20),(14985,272,6),(14986,272,30),(14987,272,29),(14988,272,10),(14989,272,17),(14990,272,16),(14991,272,13),(14992,272,15),(14993,272,14),(14994,272,11),(14995,272,12),(14996,272,1),(14997,272,24),(14998,272,25),(14999,272,21),(15000,272,9),(15001,272,23),(15002,272,22),(15003,272,32),(15004,272,5),(15005,272,26),(15006,272,27),(15007,272,28),(15008,272,18),(15009,272,37),(15010,272,34),(15011,272,35),(15012,272,31),(15013,4,19),(15014,4,33),(15015,4,20),(15016,4,6),(15017,4,30),(15018,4,29),(15019,4,10),(15020,4,17),(15021,4,16),(15022,4,13),(15023,4,15),(15024,4,14),(15025,4,11),(15026,4,12),(15027,4,1),(15028,4,24),(15029,4,25),(15030,4,21),(15031,4,9),(15032,4,23),(15033,4,22),(15034,4,32),(15035,4,5),(15036,4,26),(15037,4,27),(15038,4,28),(15039,4,18),(15040,4,37),(15041,4,34),(15042,4,35),(15043,4,31),(15044,69,19),(15045,69,33),(15046,69,20),(15047,69,6),(15048,69,30),(15049,69,29),(15050,69,10),(15051,69,17),(15052,69,16),(15053,69,13),(15054,69,15),(15055,69,14),(15056,69,11),(15057,69,12),(15058,69,1),(15059,69,24),(15060,69,25),(15061,69,21),(15062,69,9),(15063,69,23),(15064,69,22),(15065,69,32),(15066,69,5),(15067,69,26),(15068,69,27),(15069,69,28),(15070,69,18),(15071,69,37),(15072,69,34),(15073,69,35),(15074,69,31),(15075,52,19),(15076,52,33),(15077,52,20),(15078,52,2),(15079,52,3),(15080,52,4),(15081,52,6),(15082,52,30),(15083,52,29),(15084,52,10),(15085,52,17),(15086,52,16),(15087,52,13),(15088,52,15),(15089,52,14),(15090,52,11),(15091,52,12),(15092,52,1),(15093,52,24),(15094,52,25),(15095,52,21),(15096,52,9),(15097,52,23),(15098,52,22),(15099,52,32),(15100,52,5),(15101,52,26),(15102,52,27),(15103,52,28),(15104,52,18),(15105,52,37),(15106,52,34),(15107,52,35),(15108,52,31),(15109,56,19),(15110,56,33),(15111,56,20),(15112,56,6),(15113,56,30),(15114,56,29),(15115,56,10),(15116,56,17),(15117,56,16),(15118,56,13),(15119,56,15),(15120,56,14),(15121,56,11),(15122,56,12),(15123,56,1),(15124,56,24),(15125,56,25),(15126,56,21),(15127,56,9),(15128,56,23),(15129,56,22),(15130,56,32),(15131,56,5),(15132,56,26),(15133,56,27),(15134,56,28),(15135,56,18),(15136,56,37),(15137,56,34),(15138,56,35),(15139,56,31),(15140,233,19),(15141,233,33),(15142,233,20),(15143,233,6),(15144,233,30),(15145,233,29),(15146,233,10),(15147,233,17),(15148,233,16),(15149,233,13),(15150,233,15),(15151,233,14),(15152,233,11),(15153,233,12),(15154,233,1),(15155,233,24),(15156,233,25),(15157,233,21),(15158,233,9),(15159,233,23),(15160,233,22),(15161,233,32),(15162,233,5),(15163,233,26),(15164,233,27),(15165,233,28),(15166,233,18),(15167,233,37),(15168,233,34),(15169,233,35),(15170,233,31),(15171,141,19),(15172,141,33),(15173,141,20),(15174,141,6),(15175,141,30),(15176,141,29),(15177,141,10),(15178,141,17),(15179,141,16),(15180,141,13),(15181,141,15),(15182,141,14),(15183,141,11),(15184,141,12),(15185,141,1),(15186,141,24),(15187,141,25),(15188,141,21),(15189,141,9),(15190,141,23),(15191,141,22),(15192,141,32),(15193,141,5),(15194,141,26),(15195,141,27),(15196,141,28),(15197,141,18),(15198,141,37),(15199,141,34),(15200,141,35),(15201,141,31),(15202,257,19),(15203,257,33),(15204,257,20),(15205,257,6),(15206,257,30),(15207,257,29),(15208,257,10),(15209,257,17),(15210,257,16),(15211,257,13),(15212,257,15),(15213,257,14),(15214,257,11),(15215,257,12),(15216,257,1),(15217,257,24),(15218,257,25),(15219,257,21),(15220,257,9),(15221,257,23),(15222,257,22),(15223,257,32),(15224,257,5),(15225,257,26),(15226,257,27),(15227,257,28),(15228,257,18),(15229,257,37),(15230,257,34),(15231,257,35),(15232,257,31),(15233,165,19),(15234,165,33),(15235,165,20),(15236,165,6),(15237,165,30),(15238,165,29),(15239,165,10),(15240,165,17),(15241,165,16),(15242,165,13),(15243,165,15),(15244,165,14),(15245,165,11),(15246,165,12),(15247,165,1),(15248,165,24),(15249,165,25),(15250,165,21),(15251,165,9),(15252,165,23),(15253,165,22),(15254,165,32),(15255,165,5),(15256,165,26),(15257,165,27),(15258,165,28),(15259,165,18),(15260,165,37),(15261,165,34),(15262,165,35),(15263,165,31),(15264,53,19),(15265,53,33),(15266,53,20),(15267,53,6),(15268,53,30),(15269,53,29),(15270,53,10),(15271,53,17),(15272,53,16),(15273,53,13),(15274,53,15),(15275,53,14),(15276,53,11),(15277,53,12),(15278,53,1),(15279,53,24),(15280,53,25),(15281,53,21),(15282,53,9),(15283,53,23),(15284,53,22),(15285,53,32),(15286,53,5),(15287,53,26),(15288,53,27),(15289,53,28),(15290,53,18),(15291,53,37),(15292,53,34),(15293,53,35),(15294,53,31),(15295,277,37),(15296,278,37),(15297,204,10),(15298,204,13),(15299,204,14),(15300,204,11),(15301,204,12),(15302,204,25),(15303,205,10),(15304,205,13),(15305,205,14),(15306,205,11),(15307,205,12),(15308,205,25),(15309,276,11),(15310,180,20),(15311,180,11),(15312,180,25),(15313,180,27),(15314,193,20),(15315,193,30),(15316,193,11),(15317,193,12),(15318,193,25),(15319,193,27),(15320,193,28),(15321,73,20),(15322,73,10),(15323,73,11),(15324,73,25),(15325,73,27),(15326,263,11),(15327,89,20),(15328,89,11),(15329,89,12),(15330,89,25),(15331,89,27),(15332,89,28),(15333,264,20),(15334,264,10),(15335,264,11),(15336,264,25),(15337,264,27),(15338,174,33),(15339,174,20),(15340,174,30),(15341,174,12),(15342,174,25),(15343,174,28),(15344,122,24),(15345,183,20),(15346,183,11),(15347,183,12),(15348,183,25),(15349,183,28),(15350,176,20),(15351,176,30),(15352,176,12),(15353,176,25),(15354,176,28),(15355,271,20),(15356,271,11),(15357,271,25),(15358,86,20),(15359,86,11),(15360,86,12),(15361,86,25),(15362,86,27),(15363,86,28),(15364,86,34),(15365,87,20),(15366,87,11),(15367,87,12),(15368,87,25),(15369,87,27),(15370,87,28),(15371,87,34),(15372,170,20),(15373,170,30),(15374,170,12),(15375,170,25),(15376,170,28),(15384,51,31),(15385,120,23),(15386,118,23),(15387,273,33),(15389,280,19),(15390,280,33),(15391,280,20),(15392,280,2),(15393,280,3),(15394,280,4),(15395,280,6),(15396,280,30),(15397,280,29),(15398,280,10),(15399,280,17),(15400,280,16),(15401,280,13),(15402,280,15),(15403,280,14),(15404,280,11),(15405,280,12),(15406,280,1),(15407,280,24),(15408,280,25),(15409,280,21),(15410,280,9),(15411,280,23),(15412,280,22),(15413,280,32),(15414,280,5),(15415,280,26),(15416,280,27),(15417,280,28),(15418,280,18),(15419,280,37),(15420,280,34),(15421,280,35),(15422,280,36),(15423,280,31),(15428,279,19),(15429,279,33),(15430,279,20),(15431,279,2),(15432,279,3),(15433,279,4),(15434,279,6),(15435,279,30),(15436,279,29),(15437,279,10),(15438,279,17),(15439,279,16),(15440,279,13),(15441,279,15),(15442,279,14),(15443,279,11),(15444,279,12),(15445,279,24),(15446,279,25),(15447,279,21),(15448,279,9),(15449,279,23),(15450,279,22),(15451,279,32),(15452,279,5),(15453,279,26),(15454,279,27),(15455,279,28),(15456,279,18),(15457,279,37),(15458,279,34),(15459,279,36),(15460,279,31),(15461,281,22),(15462,241,22);
/*!40000 ALTER TABLE `kayttajatoimialue` ENABLE KEYS */;
UNLOCK TABLES;
/*!40103 SET TIME_ZONE=@OLD_TIME_ZONE */;

/*!40101 SET SQL_MODE=@OLD_SQL_MODE */;
/*!40014 SET FOREIGN_KEY_CHECKS=@OLD_FOREIGN_KEY_CHECKS */;
/*!40014 SET UNIQUE_CHECKS=@OLD_UNIQUE_CHECKS */;
/*!40101 SET CHARACTER_SET_CLIENT=@OLD_CHARACTER_SET_CLIENT */;
/*!40101 SET CHARACTER_SET_RESULTS=@OLD_CHARACTER_SET_RESULTS */;
/*!40101 SET COLLATION_CONNECTION=@OLD_COLLATION_CONNECTION */;
/*!40111 SET SQL_NOTES=@OLD_SQL_NOTES */;

-- Dump completed on 2024-03-01 16:12:00
